ID,Team,innings,overs,ballnumber,batter,bowler,non-striker,extra_type,batsman_run,extras_run,total_run,non_boundary,isWicketDelivery,player_out,kind,fielders_involved,BattingTeam,BowlingTeam
1312200,Rajasthan RoyalsGujarat Titans,1,0,1,YBK Jaiswal,Mohammed Shami,JC Buttler,,0,0,0,0,0,,,,Rajasthan Royals,Gujarat Titans
1312200,Rajasthan RoyalsGujarat Titans,1,0,2,YBK Jaiswal,Mohammed Shami,JC Buttler,legbyes,0,1,1,0,0,,,,Rajasthan Royals,Gujarat Titans
1312200,Rajasthan RoyalsGujarat Titans,1,0,3,JC Buttler,Mohammed Shami,YBK Jaiswal,,1,0,1,0,0,,,,Rajasthan Royals,Gujarat Titans
1312200,Rajasthan RoyalsGujarat Titans,1,0,4,YBK Jaiswal,Mohammed Shami,JC Buttler,,0,0,0,0,0,,,,Rajasthan Royals,Gujarat Titans
1312200,Rajasthan RoyalsGujarat Titans,1,0,5,YBK Jaiswal,Mohammed Shami,JC Buttler,,0,0,0,0,0,,,,Rajasthan Royals,Gujarat Titans
1312200,Rajasthan RoyalsGujarat Titans,1,0,6,YBK Jaiswal,Mohammed Shami,JC Buttler,,0,0,0,0,0,,,,Rajasthan Royals,Gujarat Titans
1312200,Rajasthan RoyalsGujarat Titans,1,1,1,JC Buttler,Yash Dayal,YBK Jaiswal,,0,0,0,0,0,,,,Rajasthan Royals,Gujarat Titans
1312200,Rajasthan RoyalsGujarat Titans,1,1,2,JC Buttler,Yash Dayal,YBK Jaiswal,,0,0,0,0,0,,,,Rajasthan Royals,Gujarat Titans
1312200,Rajasthan RoyalsGujarat Titans,1,1,3,JC Buttler,Yash Dayal,YBK Jaiswal,,4,0,4,0,0,,,,Rajasthan Royals,Gujarat Titans
1312200,Rajasthan RoyalsGujarat Titans,1,1,4,JC Buttler,Yash Dayal,YBK Jaiswal,,0,0,0,0,0,,,,Rajasthan Royals,Gujarat Titans
1312200,Rajasthan RoyalsGujarat Titans,1,1,5,JC Buttler,Yash Dayal,YBK Jaiswal,,1,0,1,0,0,,,,Rajasthan Royals,Gujarat Titans
1312200,Rajasthan RoyalsGujarat Titans,1,1,6,YBK Jaiswal,Yash Dayal,JC Buttler,,0,0,0,0,0,,,,Rajasthan Royals,Gujarat Titans
1312200,Rajasthan RoyalsGujarat Titans,1,2,1,JC Buttler,Mohammed Shami,YBK Jaiswal,,1,0,1,0,0,,,,Rajasthan Royals,Gujarat Titans
1312200,Rajasthan RoyalsGujarat Titans,1,2,2,YBK Jaiswal,Mohammed Shami,JC Buttler,,0,0,0,0,0,,,,Rajasthan Royals,Gujarat Titans
1312200,Rajasthan RoyalsGujarat Titans,1,2,3,YBK Jaiswal,Mohammed Shami,JC Buttler,,4,0,4,0,0,,,,Rajasthan Royals,Gujarat Titans
1312200,Rajasthan RoyalsGujarat Titans,1,2,4,YBK Jaiswal,Mohammed Shami,JC Buttler,,0,0,0,0,0,,,,Rajasthan Royals,Gujarat Titans
1312200,Rajasthan RoyalsGujarat Titans,1,2,5,YBK Jaiswal,Mohammed Shami,JC Buttler,,6,0,6,0,0,,,,Rajasthan Royals,Gujarat Titans
1312200,Rajasthan RoyalsGujarat Titans,1,2,6,YBK Jaiswal,Mohammed Shami,JC Buttler,,3,0,3,0,0,,,,Rajasthan Royals,Gujarat Titans
1312200,Rajasthan RoyalsGujarat Titans,1,3,1,YBK Jaiswal,Yash Dayal,JC Buttler,,1,0,1,0,0,,,,Rajasthan Royals,Gujarat Titans
1312200,Rajasthan RoyalsGujarat Titans,1,3,2,JC Buttler,Yash Dayal,YBK Jaiswal,,1,0,1,0,0,,,,Rajasthan Royals,Gujarat Titans
1312200,Rajasthan RoyalsGujarat Titans,1,3,3,YBK Jaiswal,Yash Dayal,JC Buttler,,0,0,0,0,0,,,,Rajasthan Royals,Gujarat Titans
1312200,Rajasthan RoyalsGujarat Titans,1,3,4,YBK Jaiswal,Yash Dayal,JC Buttler,,2,0,2,0,0,,,,Rajasthan Royals,Gujarat Titans
1312200,Rajasthan RoyalsGujarat Titans,1,3,5,YBK Jaiswal,Yash Dayal,JC Buttler,,6,0,6,0,0,,,,Rajasthan Royals,Gujarat Titans
1312200,Rajasthan RoyalsGujarat Titans,1,3,6,YBK Jaiswal,Yash Dayal,JC Buttler,,0,0,0,0,1,YBK Jaiswal,caught,R Sai Kishore,Rajasthan Royals,Gujarat Titans
1312200,Rajasthan RoyalsGujarat Titans,1,4,1,JC Buttler,LH Ferguson,SV Samson,,0,0,0,0,0,,,,Rajasthan Royals,Gujarat Titans
1312200,Rajasthan RoyalsGujarat Titans,1,4,2,JC Buttler,LH Ferguson,SV Samson,,1,0,1,0,0,,,,Rajasthan Royals,Gujarat Titans
1312200,Rajasthan RoyalsGujarat Titans,1,4,3,SV Samson,LH Ferguson,JC Buttler,,4,0,4,0,0,,,,Rajasthan Royals,Gujarat Titans
1312200,Rajasthan RoyalsGujarat Titans,1,4,4,SV Samson,LH Ferguson,JC Buttler,,1,0,1,0,0,,,,Rajasthan Royals,Gujarat Titans
1312200,Rajasthan RoyalsGujarat Titans,1,4,5,JC Buttler,LH Ferguson,SV Samson,,0,0,0,0,0,,,,Rajasthan Royals,Gujarat Titans
1312200,Rajasthan RoyalsGujarat Titans,1,4,6,JC Buttler,LH Ferguson,SV Samson,,0,0,0,0,0,,,,Rajasthan Royals,Gujarat Titans
1312200,Rajasthan RoyalsGujarat Titans,1,5,1,SV Samson,Rashid Khan,JC Buttler,,4,0,4,0,0,,,,Rajasthan Royals,Gujarat Titans
1312200,Rajasthan RoyalsGujarat Titans,1,5,2,SV Samson,Rashid Khan,JC Buttler,,1,0,1,0,0,,,,Rajasthan Royals,Gujarat Titans
1312200,Rajasthan RoyalsGujarat Titans,1,5,3,JC Buttler,Rashid Khan,SV Samson,,1,0,1,0,0,,,,Rajasthan Royals,Gujarat Titans
1312200,Rajasthan RoyalsGujarat Titans,1,5,4,SV Samson,Rashid Khan,JC Buttler,,0,0,0,0,0,,,,Rajasthan Royals,Gujarat Titans
1312200,Rajasthan RoyalsGujarat Titans,1,5,5,SV Samson,Rashid Khan,JC Buttler,,1,0,1,0,0,,,,Rajasthan Royals,Gujarat Titans
1312200,Rajasthan RoyalsGujarat Titans,1,5,6,JC Buttler,Rashid Khan,SV Samson,,0,0,0,0,0,,,,Rajasthan Royals,Gujarat Titans
1312200,Rajasthan RoyalsGujarat Titans,1,6,1,SV Samson,LH Ferguson,JC Buttler,,0,0,0,0,0,,,,Rajasthan Royals,Gujarat Titans
1312200,Rajasthan RoyalsGujarat Titans,1,6,2,SV Samson,LH Ferguson,JC Buttler,,1,0,1,0,0,,,,Rajasthan Royals,Gujarat Titans
1312200,Rajasthan RoyalsGujarat Titans,1,6,3,JC Buttler,LH Ferguson,SV Samson,,0,0,0,0,0,,,,Rajasthan Royals,Gujarat Titans
1312200,Rajasthan RoyalsGujarat Titans,1,6,4,JC Buttler,LH Ferguson,SV Samson,,4,0,4,0,0,,,,Rajasthan Royals,Gujarat Titans
1312200,Rajasthan RoyalsGujarat Titans,1,6,5,JC Buttler,LH Ferguson,SV Samson,,4,0,4,0,0,,,,Rajasthan Royals,Gujarat Titans
1312200,Rajasthan RoyalsGujarat Titans,1,6,6,JC Buttler,LH Ferguson,SV Samson,,1,0,1,0,0,,,,Rajasthan Royals,Gujarat Titans
1312200,Rajasthan RoyalsGujarat Titans,1,7,1,JC Buttler,Rashid Khan,SV Samson,,1,0,1,0,0,,,,Rajasthan Royals,Gujarat Titans
1312200,Rajasthan RoyalsGujarat Titans,1,7,2,SV Samson,Rashid Khan,JC Buttler,,1,0,1,0,0,,,,Rajasthan Royals,Gujarat Titans
1312200,Rajasthan RoyalsGujarat Titans,1,7,3,JC Buttler,Rashid Khan,SV Samson,,0,0,0,0,0,,,,Rajasthan Royals,Gujarat Titans
1312200,Rajasthan RoyalsGujarat Titans,1,7,4,JC Buttler,Rashid Khan,SV Samson,,1,0,1,0,0,,,,Rajasthan Royals,Gujarat Titans
1312200,Rajasthan RoyalsGujarat Titans,1,7,5,SV Samson,Rashid Khan,JC Buttler,,1,0,1,0,0,,,,Rajasthan Royals,Gujarat Titans
1312200,Rajasthan RoyalsGujarat Titans,1,7,6,JC Buttler,Rashid Khan,SV Samson,,1,0,1,0,0,,,,Rajasthan Royals,Gujarat Titans
1312200,Rajasthan RoyalsGujarat Titans,1,8,1,JC Buttler,HH Pandya,SV Samson,,1,0,1,0,0,,,,Rajasthan Royals,Gujarat Titans
1312200,Rajasthan RoyalsGujarat Titans,1,8,2,SV Samson,HH Pandya,JC Buttler,,0,0,0,0,1,SV Samson,caught,R Sai Kishore,Rajasthan Royals,Gujarat Titans
1312200,Rajasthan RoyalsGujarat Titans,1,8,3,D Padikkal,HH Pandya,JC Buttler,,0,0,0,0,0,,,,Rajasthan Royals,Gujarat Titans
1312200,Rajasthan RoyalsGujarat Titans,1,8,4,D Padikkal,HH Pandya,JC Buttler,,0,0,0,0,0,,,,Rajasthan Royals,Gujarat Titans
1312200,Rajasthan RoyalsGujarat Titans,1,8,5,D Padikkal,HH Pandya,JC Buttler,,0,0,0,0,0,,,,Rajasthan Royals,Gujarat Titans
1312200,Rajasthan RoyalsGujarat Titans,1,8,6,D Padikkal,HH Pandya,JC Buttler,,0,0,0,0,0,,,,Rajasthan Royals,Gujarat Titans
1312200,Rajasthan RoyalsGujarat Titans,1,9,1,JC Buttler,Mohammed Shami,D Padikkal,,0,0,0,0,0,,,,Rajasthan Royals,Gujarat Titans
1312200,Rajasthan RoyalsGujarat Titans,1,9,2,JC Buttler,Mohammed Shami,D Padikkal,,2,0,2,0,0,,,,Rajasthan Royals,Gujarat Titans
1312200,Rajasthan RoyalsGujarat Titans,1,9,3,JC Buttler,Mohammed Shami,D Padikkal,,4,0,4,0,0,,,,Rajasthan Royals,Gujarat Titans
1312200,Rajasthan RoyalsGujarat Titans,1,9,4,JC Buttler,Mohammed Shami,D Padikkal,,4,0,4,0,0,,,,Rajasthan Royals,Gujarat Titans
1312200,Rajasthan RoyalsGujarat Titans,1,9,5,JC Buttler,Mohammed Shami,D Padikkal,,0,0,0,0,0,,,,Rajasthan Royals,Gujarat Titans
1312200,Rajasthan RoyalsGujarat Titans,1,9,6,JC Buttler,Mohammed Shami,D Padikkal,,1,0,1,0,0,,,,Rajasthan Royals,Gujarat Titans
1312200,Rajasthan RoyalsGujarat Titans,1,10,1,JC Buttler,HH Pandya,D Padikkal,,2,0,2,0,0,,,,Rajasthan Royals,Gujarat Titans
1312200,Rajasthan RoyalsGujarat Titans,1,10,2,JC Buttler,HH Pandya,D Padikkal,,0,0,0,0,0,,,,Rajasthan Royals,Gujarat Titans
1312200,Rajasthan RoyalsGujarat Titans,1,10,3,JC Buttler,HH Pandya,D Padikkal,,1,0,1,0,0,,,,Rajasthan Royals,Gujarat Titans
1312200,Rajasthan RoyalsGujarat Titans,1,10,4,D Padikkal,HH Pandya,JC Buttler,,0,0,0,0,0,,,,Rajasthan Royals,Gujarat Titans
1312200,Rajasthan RoyalsGujarat Titans,1,10,5,D Padikkal,HH Pandya,JC Buttler,,0,0,0,0,0,,,,Rajasthan Royals,Gujarat Titans
1312200,Rajasthan RoyalsGujarat Titans,1,10,6,D Padikkal,HH Pandya,JC Buttler,legbyes,0,1,1,0,0,,,,Rajasthan Royals,Gujarat Titans
1312200,Rajasthan RoyalsGujarat Titans,1,11,1,D Padikkal,Rashid Khan,JC Buttler,,1,0,1,0,0,,,,Rajasthan Royals,Gujarat Titans
1312200,Rajasthan RoyalsGujarat Titans,1,11,2,JC Buttler,Rashid Khan,D Padikkal,,1,0,1,0,0,,,,Rajasthan Royals,Gujarat Titans
1312200,Rajasthan RoyalsGujarat Titans,1,11,3,D Padikkal,Rashid Khan,JC Buttler,,1,0,1,0,0,,,,Rajasthan Royals,Gujarat Titans
1312200,Rajasthan RoyalsGujarat Titans,1,11,4,JC Buttler,Rashid Khan,D Padikkal,,1,0,1,0,0,,,,Rajasthan Royals,Gujarat Titans
1312200,Rajasthan RoyalsGujarat Titans,1,11,5,D Padikkal,Rashid Khan,JC Buttler,,0,0,0,0,1,D Padikkal,caught,Mohammed Shami,Rajasthan Royals,Gujarat Titans
1312200,Rajasthan RoyalsGujarat Titans,1,11,6,SO Hetmyer,Rashid Khan,JC Buttler,,0,0,0,0,0,,,,Rajasthan Royals,Gujarat Titans
1312200,Rajasthan RoyalsGujarat Titans,1,12,1,JC Buttler,HH Pandya,SO Hetmyer,,0,0,0,0,1,JC Buttler,caught,WP Saha,Rajasthan Royals,Gujarat Titans
1312200,Rajasthan RoyalsGujarat Titans,1,12,2,R Ashwin,HH Pandya,SO Hetmyer,,0,0,0,0,0,,,,Rajasthan Royals,Gujarat Titans
1312200,Rajasthan RoyalsGujarat Titans,1,12,3,R Ashwin,HH Pandya,SO Hetmyer,,1,0,1,0,0,,,,Rajasthan Royals,Gujarat Titans
1312200,Rajasthan RoyalsGujarat Titans,1,12,4,SO Hetmyer,HH Pandya,R Ashwin,,0,0,0,0,0,,,,Rajasthan Royals,Gujarat Titans
1312200,Rajasthan RoyalsGujarat Titans,1,12,5,SO Hetmyer,HH Pandya,R Ashwin,,1,0,1,0,0,,,,Rajasthan Royals,Gujarat Titans
1312200,Rajasthan RoyalsGujarat Titans,1,12,6,R Ashwin,HH Pandya,SO Hetmyer,,1,0,1,0,0,,,,Rajasthan Royals,Gujarat Titans
1312200,Rajasthan RoyalsGujarat Titans,1,13,1,R Ashwin,Rashid Khan,SO Hetmyer,,0,0,0,0,0,,,,Rajasthan Royals,Gujarat Titans
1312200,Rajasthan RoyalsGujarat Titans,1,13,2,R Ashwin,Rashid Khan,SO Hetmyer,,1,0,1,0,0,,,,Rajasthan Royals,Gujarat Titans
1312200,Rajasthan RoyalsGujarat Titans,1,13,3,SO Hetmyer,Rashid Khan,R Ashwin,,0,0,0,0,0,,,,Rajasthan Royals,Gujarat Titans
1312200,Rajasthan RoyalsGujarat Titans,1,13,4,SO Hetmyer,Rashid Khan,R Ashwin,,0,0,0,0,0,,,,Rajasthan Royals,Gujarat Titans
1312200,Rajasthan RoyalsGujarat Titans,1,13,5,SO Hetmyer,Rashid Khan,R Ashwin,,0,0,0,0,0,,,,Rajasthan Royals,Gujarat Titans
1312200,Rajasthan RoyalsGujarat Titans,1,13,6,SO Hetmyer,Rashid Khan,R Ashwin,,1,0,1,0,0,,,,Rajasthan Royals,Gujarat Titans
1312200,Rajasthan RoyalsGujarat Titans,1,14,1,SO Hetmyer,HH Pandya,R Ashwin,,1,0,1,0,0,,,,Rajasthan Royals,Gujarat Titans
1312200,Rajasthan RoyalsGujarat Titans,1,14,2,R Ashwin,HH Pandya,SO Hetmyer,,1,0,1,0,0,,,,Rajasthan Royals,Gujarat Titans
1312200,Rajasthan RoyalsGujarat Titans,1,14,3,SO Hetmyer,HH Pandya,R Ashwin,,4,0,4,0,0,,,,Rajasthan Royals,Gujarat Titans
1312200,Rajasthan RoyalsGujarat Titans,1,14,4,SO Hetmyer,HH Pandya,R Ashwin,,0,0,0,0,0,,,,Rajasthan Royals,Gujarat Titans
1312200,Rajasthan RoyalsGujarat Titans,1,14,5,SO Hetmyer,HH Pandya,R Ashwin,,4,0,4,0,0,,,,Rajasthan Royals,Gujarat Titans
1312200,Rajasthan RoyalsGujarat Titans,1,14,6,SO Hetmyer,HH Pandya,R Ashwin,,0,0,0,0,1,SO Hetmyer,caught and bowled,,Rajasthan Royals,Gujarat Titans
1312200,Rajasthan RoyalsGujarat Titans,1,15,1,R Ashwin,R Sai Kishore,R Parag,,1,0,1,0,0,,,,Rajasthan Royals,Gujarat Titans
1312200,Rajasthan RoyalsGujarat Titans,1,15,2,R Parag,R Sai Kishore,R Ashwin,,1,0,1,0,0,,,,Rajasthan Royals,Gujarat Titans
1312200,Rajasthan RoyalsGujarat Titans,1,15,3,R Ashwin,R Sai Kishore,R Parag,,1,0,1,0,0,,,,Rajasthan Royals,Gujarat Titans
1312200,Rajasthan RoyalsGujarat Titans,1,15,4,R Parag,R Sai Kishore,R Ashwin,,1,0,1,0,0,,,,Rajasthan Royals,Gujarat Titans
1312200,Rajasthan RoyalsGujarat Titans,1,15,5,R Ashwin,R Sai Kishore,R Parag,,0,0,0,0,1,R Ashwin,caught,DA Miller,Rajasthan Royals,Gujarat Titans
1312200,Rajasthan RoyalsGujarat Titans,1,15,6,TA Boult,R Sai Kishore,R Parag,,0,0,0,0,0,,,,Rajasthan Royals,Gujarat Titans
1312200,Rajasthan RoyalsGujarat Titans,1,16,1,R Parag,LH Ferguson,TA Boult,,1,0,1,0,0,,,,Rajasthan Royals,Gujarat Titans
1312200,Rajasthan RoyalsGujarat Titans,1,16,2,TA Boult,LH Ferguson,R Parag,,1,0,1,0,0,,,,Rajasthan Royals,Gujarat Titans
1312200,Rajasthan RoyalsGujarat Titans,1,16,3,R Parag,LH Ferguson,TA Boult,,1,0,1,0,0,,,,Rajasthan Royals,Gujarat Titans
1312200,Rajasthan RoyalsGujarat Titans,1,16,4,TA Boult,LH Ferguson,R Parag,,1,0,1,0,0,,,,Rajasthan Royals,Gujarat Titans
1312200,Rajasthan RoyalsGujarat Titans,1,16,5,R Parag,LH Ferguson,TA Boult,,1,0,1,0,0,,,,Rajasthan Royals,Gujarat Titans
1312200,Rajasthan RoyalsGujarat Titans,1,16,6,TA Boult,LH Ferguson,R Parag,,1,0,1,0,0,,,,Rajasthan Royals,Gujarat Titans
1312200,Rajasthan RoyalsGujarat Titans,1,17,1,TA Boult,R Sai Kishore,R Parag,,2,0,2,0,0,,,,Rajasthan Royals,Gujarat Titans
1312200,Rajasthan RoyalsGujarat Titans,1,17,2,TA Boult,R Sai Kishore,R Parag,,6,0,6,0,0,,,,Rajasthan Royals,Gujarat Titans
1312200,Rajasthan RoyalsGujarat Titans,1,17,3,TA Boult,R Sai Kishore,R Parag,,0,0,0,0,1,TA Boult,caught,R Tewatia,Rajasthan Royals,Gujarat Titans
1312200,Rajasthan RoyalsGujarat Titans,1,17,4,OC McCoy,R Sai Kishore,R Parag,,1,0,1,0,0,,,,Rajasthan Royals,Gujarat Titans
1312200,Rajasthan RoyalsGujarat Titans,1,17,5,R Parag,R Sai Kishore,OC McCoy,,1,0,1,0,0,,,,Rajasthan Royals,Gujarat Titans
1312200,Rajasthan RoyalsGujarat Titans,1,17,6,OC McCoy,R Sai Kishore,R Parag,,6,0,6,0,0,,,,Rajasthan Royals,Gujarat Titans
1312200,Rajasthan RoyalsGujarat Titans,1,18,1,R Parag,Yash Dayal,OC McCoy,,1,0,1,0,0,,,,Rajasthan Royals,Gujarat Titans
1312200,Rajasthan RoyalsGujarat Titans,1,18,2,OC McCoy,Yash Dayal,R Parag,,0,0,0,0,0,,,,Rajasthan Royals,Gujarat Titans
1312200,Rajasthan RoyalsGujarat Titans,1,18,3,OC McCoy,Yash Dayal,R Parag,,1,0,1,0,0,,,,Rajasthan Royals,Gujarat Titans
1312200,Rajasthan RoyalsGujarat Titans,1,18,4,R Parag,Yash Dayal,OC McCoy,,0,0,0,0,0,,,,Rajasthan Royals,Gujarat Titans
1312200,Rajasthan RoyalsGujarat Titans,1,18,5,R Parag,Yash Dayal,OC McCoy,,1,0,1,0,0,,,,Rajasthan Royals,Gujarat Titans
1312200,Rajasthan RoyalsGujarat Titans,1,18,6,OC McCoy,Yash Dayal,R Parag,,0,0,0,0,0,,,,Rajasthan Royals,Gujarat Titans
1312200,Rajasthan RoyalsGujarat Titans,1,19,1,R Parag,Mohammed Shami,OC McCoy,,0,0,0,0,0,,,,Rajasthan Royals,Gujarat Titans
1312200,Rajasthan RoyalsGujarat Titans,1,19,2,R Parag,Mohammed Shami,OC McCoy,,2,0,2,0,0,,,,Rajasthan Royals,Gujarat Titans
1312200,Rajasthan RoyalsGujarat Titans,1,19,3,R Parag,Mohammed Shami,OC McCoy,,4,0,4,0,0,,,,Rajasthan Royals,Gujarat Titans
1312200,Rajasthan RoyalsGujarat Titans,1,19,4,R Parag,Mohammed Shami,OC McCoy,,1,0,1,0,1,OC McCoy,run out,R Tewatia,Rajasthan Royals,Gujarat Titans
1312200,Rajasthan RoyalsGujarat Titans,1,19,5,R Parag,Mohammed Shami,M Prasidh Krishna,,0,0,0,0,0,,,,Rajasthan Royals,Gujarat Titans
1312200,Rajasthan RoyalsGujarat Titans,1,19,6,R Parag,Mohammed Shami,M Prasidh Krishna,,0,0,0,0,1,R Parag,bowled,,Rajasthan Royals,Gujarat Titans
1312200,Rajasthan RoyalsGujarat Titans,2,0,1,WP Saha,TA Boult,Shubman Gill,,0,0,0,0,0,,,,Gujarat Titans,Rajasthan Royals
1312200,Rajasthan RoyalsGujarat Titans,2,0,2,WP Saha,TA Boult,Shubman Gill,,0,0,0,0,0,,,,Gujarat Titans,Rajasthan Royals
1312200,Rajasthan RoyalsGujarat Titans,2,0,3,WP Saha,TA Boult,Shubman Gill,,1,0,1,0,0,,,,Gujarat Titans,Rajasthan Royals
1312200,Rajasthan RoyalsGujarat Titans,2,0,4,Shubman Gill,TA Boult,WP Saha,,0,0,0,0,0,,,,Gujarat Titans,Rajasthan Royals
1312200,Rajasthan RoyalsGujarat Titans,2,0,5,Shubman Gill,TA Boult,WP Saha,,0,0,0,0,0,,,,Gujarat Titans,Rajasthan Royals
1312200,Rajasthan RoyalsGujarat Titans,2,0,6,Shubman Gill,TA Boult,WP Saha,,4,0,4,0,0,,,,Gujarat Titans,Rajasthan Royals
1312200,Rajasthan RoyalsGujarat Titans,2,1,1,WP Saha,M Prasidh Krishna,Shubman Gill,,0,0,0,0,0,,,,Gujarat Titans,Rajasthan Royals
1312200,Rajasthan RoyalsGujarat Titans,2,1,2,WP Saha,M Prasidh Krishna,Shubman Gill,,4,0,4,0,0,,,,Gujarat Titans,Rajasthan Royals
1312200,Rajasthan RoyalsGujarat Titans,2,1,3,WP Saha,M Prasidh Krishna,Shubman Gill,,0,0,0,0,0,,,,Gujarat Titans,Rajasthan Royals
1312200,Rajasthan RoyalsGujarat Titans,2,1,4,WP Saha,M Prasidh Krishna,Shubman Gill,,0,0,0,0,1,WP Saha,bowled,,Gujarat Titans,Rajasthan Royals
1312200,Rajasthan RoyalsGujarat Titans,2,1,5,MS Wade,M Prasidh Krishna,Shubman Gill,,2,0,2,0,0,,,,Gujarat Titans,Rajasthan Royals
1312200,Rajasthan RoyalsGujarat Titans,2,1,6,MS Wade,M Prasidh Krishna,Shubman Gill,,0,0,0,0,0,,,,Gujarat Titans,Rajasthan Royals
1312200,Rajasthan RoyalsGujarat Titans,2,2,1,Shubman Gill,TA Boult,MS Wade,,0,0,0,0,0,,,,Gujarat Titans,Rajasthan Royals
1312200,Rajasthan RoyalsGujarat Titans,2,2,2,Shubman Gill,TA Boult,MS Wade,,0,0,0,0,0,,,,Gujarat Titans,Rajasthan Royals
1312200,Rajasthan RoyalsGujarat Titans,2,2,3,Shubman Gill,TA Boult,MS Wade,,0,0,0,0,0,,,,Gujarat Titans,Rajasthan Royals
1312200,Rajasthan RoyalsGujarat Titans,2,2,4,Shubman Gill,TA Boult,MS Wade,,0,0,0,0,0,,,,Gujarat Titans,Rajasthan Royals
1312200,Rajasthan RoyalsGujarat Titans,2,2,5,Shubman Gill,TA Boult,MS Wade,,0,0,0,0,0,,,,Gujarat Titans,Rajasthan Royals
1312200,Rajasthan RoyalsGujarat Titans,2,2,6,Shubman Gill,TA Boult,MS Wade,,0,0,0,0,0,,,,Gujarat Titans,Rajasthan Royals
1312200,Rajasthan RoyalsGujarat Titans,2,3,1,MS Wade,M Prasidh Krishna,Shubman Gill,wides,0,5,5,0,0,,,,Gujarat Titans,Rajasthan Royals
1312200,Rajasthan RoyalsGujarat Titans,2,3,2,MS Wade,M Prasidh Krishna,Shubman Gill,,0,0,0,0,0,,,,Gujarat Titans,Rajasthan Royals
1312200,Rajasthan RoyalsGujarat Titans,2,3,3,MS Wade,M Prasidh Krishna,Shubman Gill,,0,0,0,0,0,,,,Gujarat Titans,Rajasthan Royals
1312200,Rajasthan RoyalsGujarat Titans,2,3,4,MS Wade,M Prasidh Krishna,Shubman Gill,,0,0,0,0,0,,,,Gujarat Titans,Rajasthan Royals
1312200,Rajasthan RoyalsGujarat Titans,2,3,5,MS Wade,M Prasidh Krishna,Shubman Gill,,6,0,6,0,0,,,,Gujarat Titans,Rajasthan Royals
1312200,Rajasthan RoyalsGujarat Titans,2,3,6,MS Wade,M Prasidh Krishna,Shubman Gill,,0,0,0,0,0,,,,Gujarat Titans,Rajasthan Royals
1312200,Rajasthan RoyalsGujarat Titans,2,3,7,MS Wade,M Prasidh Krishna,Shubman Gill,,0,0,0,0,0,,,,Gujarat Titans,Rajasthan Royals
1312200,Rajasthan RoyalsGujarat Titans,2,4,1,Shubman Gill,TA Boult,MS Wade,,1,0,1,0,0,,,,Gujarat Titans,Rajasthan Royals
1312200,Rajasthan RoyalsGujarat Titans,2,4,2,MS Wade,TA Boult,Shubman Gill,,0,0,0,0,0,,,,Gujarat Titans,Rajasthan Royals
1312200,Rajasthan RoyalsGujarat Titans,2,4,3,MS Wade,TA Boult,Shubman Gill,,0,0,0,0,1,MS Wade,caught,R Parag,Gujarat Titans,Rajasthan Royals
1312200,Rajasthan RoyalsGujarat Titans,2,4,4,HH Pandya,TA Boult,Shubman Gill,wides,0,1,1,0,0,,,,Gujarat Titans,Rajasthan Royals
1312200,Rajasthan RoyalsGujarat Titans,2,4,5,HH Pandya,TA Boult,Shubman Gill,,0,0,0,0,0,,,,Gujarat Titans,Rajasthan Royals
1312200,Rajasthan RoyalsGujarat Titans,2,4,6,HH Pandya,TA Boult,Shubman Gill,,0,0,0,0,0,,,,Gujarat Titans,Rajasthan Royals
1312200,Rajasthan RoyalsGujarat Titans,2,4,7,HH Pandya,TA Boult,Shubman Gill,wides,0,1,1,0,0,,,,Gujarat Titans,Rajasthan Royals
1312200,Rajasthan RoyalsGujarat Titans,2,4,8,HH Pandya,TA Boult,Shubman Gill,,0,0,0,0,0,,,,Gujarat Titans,Rajasthan Royals
1312200,Rajasthan RoyalsGujarat Titans,2,5,1,Shubman Gill,YS Chahal,HH Pandya,,0,0,0,0,0,,,,Gujarat Titans,Rajasthan Royals
1312200,Rajasthan RoyalsGujarat Titans,2,5,2,Shubman Gill,YS Chahal,HH Pandya,,0,0,0,0,0,,,,Gujarat Titans,Rajasthan Royals
1312200,Rajasthan RoyalsGujarat Titans,2,5,3,Shubman Gill,YS Chahal,HH Pandya,,1,0,1,0,0,,,,Gujarat Titans,Rajasthan Royals
1312200,Rajasthan RoyalsGujarat Titans,2,5,4,HH Pandya,YS Chahal,Shubman Gill,,0,0,0,0,0,,,,Gujarat Titans,Rajasthan Royals
1312200,Rajasthan RoyalsGujarat Titans,2,5,5,HH Pandya,YS Chahal,Shubman Gill,,1,0,1,0,0,,,,Gujarat Titans,Rajasthan Royals
1312200,Rajasthan RoyalsGujarat Titans,2,5,6,Shubman Gill,YS Chahal,HH Pandya,,4,0,4,0,0,,,,Gujarat Titans,Rajasthan Royals
1312200,Rajasthan RoyalsGujarat Titans,2,6,1,HH Pandya,OC McCoy,Shubman Gill,,0,0,0,0,0,,,,Gujarat Titans,Rajasthan Royals
1312200,Rajasthan RoyalsGujarat Titans,2,6,2,HH Pandya,OC McCoy,Shubman Gill,,1,0,1,0,0,,,,Gujarat Titans,Rajasthan Royals
1312200,Rajasthan RoyalsGujarat Titans,2,6,3,Shubman Gill,OC McCoy,HH Pandya,,0,0,0,0,0,,,,Gujarat Titans,Rajasthan Royals
1312200,Rajasthan RoyalsGujarat Titans,2,6,4,Shubman Gill,OC McCoy,HH Pandya,,1,0,1,0,0,,,,Gujarat Titans,Rajasthan Royals
1312200,Rajasthan RoyalsGujarat Titans,2,6,5,HH Pandya,OC McCoy,Shubman Gill,,1,0,1,0,0,,,,Gujarat Titans,Rajasthan Royals
1312200,Rajasthan RoyalsGujarat Titans,2,6,6,Shubman Gill,OC McCoy,HH Pandya,,1,0,1,0,0,,,,Gujarat Titans,Rajasthan Royals
1312200,Rajasthan RoyalsGujarat Titans,2,7,1,Shubman Gill,YS Chahal,HH Pandya,,0,0,0,0,0,,,,Gujarat Titans,Rajasthan Royals
1312200,Rajasthan RoyalsGujarat Titans,2,7,2,Shubman Gill,YS Chahal,HH Pandya,,0,0,0,0,0,,,,Gujarat Titans,Rajasthan Royals
1312200,Rajasthan RoyalsGujarat Titans,2,7,3,Shubman Gill,YS Chahal,HH Pandya,,1,0,1,0,0,,,,Gujarat Titans,Rajasthan Royals
1312200,Rajasthan RoyalsGujarat Titans,2,7,4,HH Pandya,YS Chahal,Shubman Gill,,1,0,1,0,0,,,,Gujarat Titans,Rajasthan Royals
1312200,Rajasthan RoyalsGujarat Titans,2,7,5,Shubman Gill,YS Chahal,HH Pandya,,1,0,1,0,0,,,,Gujarat Titans,Rajasthan Royals
1312200,Rajasthan RoyalsGujarat Titans,2,7,6,HH Pandya,YS Chahal,Shubman Gill,,0,0,0,0,0,,,,Gujarat Titans,Rajasthan Royals
1312200,Rajasthan RoyalsGujarat Titans,2,8,1,Shubman Gill,M Prasidh Krishna,HH Pandya,,1,0,1,0,0,,,,Gujarat Titans,Rajasthan Royals
1312200,Rajasthan RoyalsGujarat Titans,2,8,2,HH Pandya,M Prasidh Krishna,Shubman Gill,,0,0,0,0,0,,,,Gujarat Titans,Rajasthan Royals
1312200,Rajasthan RoyalsGujarat Titans,2,8,3,HH Pandya,M Prasidh Krishna,Shubman Gill,,4,0,4,0,0,,,,Gujarat Titans,Rajasthan Royals
1312200,Rajasthan RoyalsGujarat Titans,2,8,4,HH Pandya,M Prasidh Krishna,Shubman Gill,,0,0,0,0,0,,,,Gujarat Titans,Rajasthan Royals
1312200,Rajasthan RoyalsGujarat Titans,2,8,5,HH Pandya,M Prasidh Krishna,Shubman Gill,,1,0,1,0,0,,,,Gujarat Titans,Rajasthan Royals
1312200,Rajasthan RoyalsGujarat Titans,2,8,6,Shubman Gill,M Prasidh Krishna,HH Pandya,,4,0,4,0,0,,,,Gujarat Titans,Rajasthan Royals
1312200,Rajasthan RoyalsGujarat Titans,2,9,1,HH Pandya,YS Chahal,Shubman Gill,,1,0,1,0,0,,,,Gujarat Titans,Rajasthan Royals
1312200,Rajasthan RoyalsGujarat Titans,2,9,2,Shubman Gill,YS Chahal,HH Pandya,,1,0,1,0,0,,,,Gujarat Titans,Rajasthan Royals
1312200,Rajasthan RoyalsGujarat Titans,2,9,3,HH Pandya,YS Chahal,Shubman Gill,,0,0,0,0,0,,,,Gujarat Titans,Rajasthan Royals
1312200,Rajasthan RoyalsGujarat Titans,2,9,4,HH Pandya,YS Chahal,Shubman Gill,,1,0,1,0,0,,,,Gujarat Titans,Rajasthan Royals
1312200,Rajasthan RoyalsGujarat Titans,2,9,5,Shubman Gill,YS Chahal,HH Pandya,,2,0,2,0,0,,,,Gujarat Titans,Rajasthan Royals
1312200,Rajasthan RoyalsGujarat Titans,2,9,6,Shubman Gill,YS Chahal,HH Pandya,,1,0,1,0,0,,,,Gujarat Titans,Rajasthan Royals
1312200,Rajasthan RoyalsGujarat Titans,2,10,1,Shubman Gill,OC McCoy,HH Pandya,,2,0,2,0,0,,,,Gujarat Titans,Rajasthan Royals
1312200,Rajasthan RoyalsGujarat Titans,2,10,2,Shubman Gill,OC McCoy,HH Pandya,,1,0,1,0,0,,,,Gujarat Titans,Rajasthan Royals
1312200,Rajasthan RoyalsGujarat Titans,2,10,3,HH Pandya,OC McCoy,Shubman Gill,,4,0,4,0,0,,,,Gujarat Titans,Rajasthan Royals
1312200,Rajasthan RoyalsGujarat Titans,2,10,4,HH Pandya,OC McCoy,Shubman Gill,,0,0,0,0,0,,,,Gujarat Titans,Rajasthan Royals
1312200,Rajasthan RoyalsGujarat Titans,2,10,5,HH Pandya,OC McCoy,Shubman Gill,,0,0,0,0,0,,,,Gujarat Titans,Rajasthan Royals
1312200,Rajasthan RoyalsGujarat Titans,2,10,6,HH Pandya,OC McCoy,Shubman Gill,,1,0,1,0,0,,,,Gujarat Titans,Rajasthan Royals
1312200,Rajasthan RoyalsGujarat Titans,2,11,1,HH Pandya,R Ashwin,Shubman Gill,,1,0,1,0,0,,,,Gujarat Titans,Rajasthan Royals
1312200,Rajasthan RoyalsGujarat Titans,2,11,2,Shubman Gill,R Ashwin,HH Pandya,,1,0,1,0,0,,,,Gujarat Titans,Rajasthan Royals
1312200,Rajasthan RoyalsGujarat Titans,2,11,3,HH Pandya,R Ashwin,Shubman Gill,,4,0,4,0,0,,,,Gujarat Titans,Rajasthan Royals
1312200,Rajasthan RoyalsGujarat Titans,2,11,4,HH Pandya,R Ashwin,Shubman Gill,,6,0,6,0,0,,,,Gujarat Titans,Rajasthan Royals
1312200,Rajasthan RoyalsGujarat Titans,2,11,5,HH Pandya,R Ashwin,Shubman Gill,,1,0,1,0,0,,,,Gujarat Titans,Rajasthan Royals
1312200,Rajasthan RoyalsGujarat Titans,2,11,6,Shubman Gill,R Ashwin,HH Pandya,,2,0,2,0,0,,,,Gujarat Titans,Rajasthan Royals
1312200,Rajasthan RoyalsGujarat Titans,2,12,1,HH Pandya,TA Boult,Shubman Gill,,2,0,2,0,0,,,,Gujarat Titans,Rajasthan Royals
1312200,Rajasthan RoyalsGujarat Titans,2,12,2,HH Pandya,TA Boult,Shubman Gill,,1,0,1,0,0,,,,Gujarat Titans,Rajasthan Royals
1312200,Rajasthan RoyalsGujarat Titans,2,12,3,Shubman Gill,TA Boult,HH Pandya,,2,0,2,0,0,,,,Gujarat Titans,Rajasthan Royals
1312200,Rajasthan RoyalsGujarat Titans,2,12,4,Shubman Gill,TA Boult,HH Pandya,legbyes,0,1,1,0,0,,,,Gujarat Titans,Rajasthan Royals
1312200,Rajasthan RoyalsGujarat Titans,2,12,5,HH Pandya,TA Boult,Shubman Gill,,1,0,1,0,0,,,,Gujarat Titans,Rajasthan Royals
1312200,Rajasthan RoyalsGujarat Titans,2,12,6,Shubman Gill,TA Boult,HH Pandya,,0,0,0,0,0,,,,Gujarat Titans,Rajasthan Royals
1312200,Rajasthan RoyalsGujarat Titans,2,13,1,HH Pandya,YS Chahal,Shubman Gill,,2,0,2,0,0,,,,Gujarat Titans,Rajasthan Royals
1312200,Rajasthan RoyalsGujarat Titans,2,13,2,HH Pandya,YS Chahal,Shubman Gill,,0,0,0,0,1,HH Pandya,caught,YBK Jaiswal,Gujarat Titans,Rajasthan Royals
1312200,Rajasthan RoyalsGujarat Titans,2,13,3,DA Miller,YS Chahal,Shubman Gill,,0,0,0,0,0,,,,Gujarat Titans,Rajasthan Royals
1312200,Rajasthan RoyalsGujarat Titans,2,13,4,DA Miller,YS Chahal,Shubman Gill,,2,0,2,0,0,,,,Gujarat Titans,Rajasthan Royals
1312200,Rajasthan RoyalsGujarat Titans,2,13,5,DA Miller,YS Chahal,Shubman Gill,,0,0,0,0,0,,,,Gujarat Titans,Rajasthan Royals
1312200,Rajasthan RoyalsGujarat Titans,2,13,6,DA Miller,YS Chahal,Shubman Gill,,1,0,1,0,0,,,,Gujarat Titans,Rajasthan Royals
1312200,Rajasthan RoyalsGujarat Titans,2,14,1,DA Miller,OC McCoy,Shubman Gill,,1,0,1,0,0,,,,Gujarat Titans,Rajasthan Royals
1312200,Rajasthan RoyalsGujarat Titans,2,14,2,Shubman Gill,OC McCoy,DA Miller,,1,0,1,0,0,,,,Gujarat Titans,Rajasthan Royals
1312200,Rajasthan RoyalsGujarat Titans,2,14,3,DA Miller,OC McCoy,Shubman Gill,,0,0,0,0,0,,,,Gujarat Titans,Rajasthan Royals
1312200,Rajasthan RoyalsGujarat Titans,2,14,4,DA Miller,OC McCoy,Shubman Gill,,4,0,4,0,0,,,,Gujarat Titans,Rajasthan Royals
1312200,Rajasthan RoyalsGujarat Titans,2,14,5,DA Miller,OC McCoy,Shubman Gill,,1,0,1,0,0,,,,Gujarat Titans,Rajasthan Royals
1312200,Rajasthan RoyalsGujarat Titans,2,14,6,Shubman Gill,OC McCoy,DA Miller,,1,0,1,0,0,,,,Gujarat Titans,Rajasthan Royals
1312200,Rajasthan RoyalsGujarat Titans,2,15,1,Shubman Gill,R Ashwin,DA Miller,,2,0,2,0,0,,,,Gujarat Titans,Rajasthan Royals
1312200,Rajasthan RoyalsGujarat Titans,2,15,2,Shubman Gill,R Ashwin,DA Miller,,1,0,1,0,0,,,,Gujarat Titans,Rajasthan Royals
1312200,Rajasthan RoyalsGujarat Titans,2,15,3,DA Miller,R Ashwin,Shubman Gill,,6,0,6,0,0,,,,Gujarat Titans,Rajasthan Royals
1312200,Rajasthan RoyalsGujarat Titans,2,15,4,DA Miller,R Ashwin,Shubman Gill,,1,0,1,0,0,,,,Gujarat Titans,Rajasthan Royals
1312200,Rajasthan RoyalsGujarat Titans,2,15,5,Shubman Gill,R Ashwin,DA Miller,,1,0,1,0,0,,,,Gujarat Titans,Rajasthan Royals
1312200,Rajasthan RoyalsGujarat Titans,2,15,6,DA Miller,R Ashwin,Shubman Gill,,1,0,1,0,0,,,,Gujarat Titans,Rajasthan Royals
1312200,Rajasthan RoyalsGujarat Titans,2,16,1,DA Miller,M Prasidh Krishna,Shubman Gill,,0,0,0,0,0,,,,Gujarat Titans,Rajasthan Royals
1312200,Rajasthan RoyalsGujarat Titans,2,16,2,DA Miller,M Prasidh Krishna,Shubman Gill,,2,0,2,0,0,,,,Gujarat Titans,Rajasthan Royals
1312200,Rajasthan RoyalsGujarat Titans,2,16,3,DA Miller,M Prasidh Krishna,Shubman Gill,,0,0,0,0,0,,,,Gujarat Titans,Rajasthan Royals
1312200,Rajasthan RoyalsGujarat Titans,2,16,4,DA Miller,M Prasidh Krishna,Shubman Gill,,4,0,4,0,0,,,,Gujarat Titans,Rajasthan Royals
1312200,Rajasthan RoyalsGujarat Titans,2,16,5,DA Miller,M Prasidh Krishna,Shubman Gill,wides,0,1,1,0,0,,,,Gujarat Titans,Rajasthan Royals
1312200,Rajasthan RoyalsGujarat Titans,2,16,6,DA Miller,M Prasidh Krishna,Shubman Gill,,4,0,4,0,0,,,,Gujarat Titans,Rajasthan Royals
1312200,Rajasthan RoyalsGujarat Titans,2,16,7,DA Miller,M Prasidh Krishna,Shubman Gill,,2,0,2,0,0,,,,Gujarat Titans,Rajasthan Royals
1312200,Rajasthan RoyalsGujarat Titans,2,17,1,Shubman Gill,R Ashwin,DA Miller,,0,0,0,0,0,,,,Gujarat Titans,Rajasthan Royals
1312200,Rajasthan RoyalsGujarat Titans,2,17,2,Shubman Gill,R Ashwin,DA Miller,,1,0,1,0,0,,,,Gujarat Titans,Rajasthan Royals
1312200,Rajasthan RoyalsGujarat Titans,2,17,3,DA Miller,R Ashwin,Shubman Gill,,1,0,1,0,0,,,,Gujarat Titans,Rajasthan Royals
1312200,Rajasthan RoyalsGujarat Titans,2,17,4,Shubman Gill,R Ashwin,DA Miller,,0,0,0,0,0,,,,Gujarat Titans,Rajasthan Royals
1312200,Rajasthan RoyalsGujarat Titans,2,17,5,Shubman Gill,R Ashwin,DA Miller,,1,0,1,0,0,,,,Gujarat Titans,Rajasthan Royals
1312200,Rajasthan RoyalsGujarat Titans,2,17,6,DA Miller,R Ashwin,Shubman Gill,,2,0,2,0,0,,,,Gujarat Titans,Rajasthan Royals
1312200,Rajasthan RoyalsGujarat Titans,2,18,1,Shubman Gill,OC McCoy,DA Miller,,6,0,6,0,0,,,,Gujarat Titans,Rajasthan Royals
1312199,Royal Challengers BangaloreRajasthan Royals,1,0,1,V Kohli,TA Boult,F du Plessis,,0,0,0,0,0,,,,Royal Challengers Bangalore,Rajasthan Royals
1312199,Royal Challengers BangaloreRajasthan Royals,1,0,2,V Kohli,TA Boult,F du Plessis,,1,0,1,0,0,,,,Royal Challengers Bangalore,Rajasthan Royals
1312199,Royal Challengers BangaloreRajasthan Royals,1,0,3,F du Plessis,TA Boult,V Kohli,,1,0,1,0,0,,,,Royal Challengers Bangalore,Rajasthan Royals
1312199,Royal Challengers BangaloreRajasthan Royals,1,0,4,V Kohli,TA Boult,F du Plessis,,0,0,0,0,0,,,,Royal Challengers Bangalore,Rajasthan Royals
1312199,Royal Challengers BangaloreRajasthan Royals,1,0,5,V Kohli,TA Boult,F du Plessis,,0,0,0,0,0,,,,Royal Challengers Bangalore,Rajasthan Royals
1312199,Royal Challengers BangaloreRajasthan Royals,1,0,6,V Kohli,TA Boult,F du Plessis,,6,0,6,0,0,,,,Royal Challengers Bangalore,Rajasthan Royals
1312199,Royal Challengers BangaloreRajasthan Royals,1,1,1,F du Plessis,M Prasidh Krishna,V Kohli,,0,0,0,0,0,,,,Royal Challengers Bangalore,Rajasthan Royals
1312199,Royal Challengers BangaloreRajasthan Royals,1,1,2,F du Plessis,M Prasidh Krishna,V Kohli,,1,0,1,0,0,,,,Royal Challengers Bangalore,Rajasthan Royals
1312199,Royal Challengers BangaloreRajasthan Royals,1,1,3,V Kohli,M Prasidh Krishna,F du Plessis,,0,0,0,0,0,,,,Royal Challengers Bangalore,Rajasthan Royals
1312199,Royal Challengers BangaloreRajasthan Royals,1,1,4,V Kohli,M Prasidh Krishna,F du Plessis,,0,0,0,0,0,,,,Royal Challengers Bangalore,Rajasthan Royals
1312199,Royal Challengers BangaloreRajasthan Royals,1,1,5,V Kohli,M Prasidh Krishna,F du Plessis,,0,0,0,0,1,V Kohli,caught,SV Samson,Royal Challengers Bangalore,Rajasthan Royals
1312199,Royal Challengers BangaloreRajasthan Royals,1,1,6,RM Patidar,M Prasidh Krishna,F du Plessis,legbyes,0,4,4,0,0,,,,Royal Challengers Bangalore,Rajasthan Royals
1312199,Royal Challengers BangaloreRajasthan Royals,1,2,1,F du Plessis,TA Boult,RM Patidar,,0,0,0,0,0,,,,Royal Challengers Bangalore,Rajasthan Royals
1312199,Royal Challengers BangaloreRajasthan Royals,1,2,2,F du Plessis,TA Boult,RM Patidar,,0,0,0,0,0,,,,Royal Challengers Bangalore,Rajasthan Royals
1312199,Royal Challengers BangaloreRajasthan Royals,1,2,3,F du Plessis,TA Boult,RM Patidar,,0,0,0,0,0,,,,Royal Challengers Bangalore,Rajasthan Royals
1312199,Royal Challengers BangaloreRajasthan Royals,1,2,4,F du Plessis,TA Boult,RM Patidar,,4,0,4,0,0,,,,Royal Challengers Bangalore,Rajasthan Royals
1312199,Royal Challengers BangaloreRajasthan Royals,1,2,5,F du Plessis,TA Boult,RM Patidar,,0,0,0,0,0,,,,Royal Challengers Bangalore,Rajasthan Royals
1312199,Royal Challengers BangaloreRajasthan Royals,1,2,6,F du Plessis,TA Boult,RM Patidar,,0,0,0,0,0,,,,Royal Challengers Bangalore,Rajasthan Royals
1312199,Royal Challengers BangaloreRajasthan Royals,1,3,1,RM Patidar,M Prasidh Krishna,F du Plessis,,4,0,4,0,0,,,,Royal Challengers Bangalore,Rajasthan Royals
1312199,Royal Challengers BangaloreRajasthan Royals,1,3,2,RM Patidar,M Prasidh Krishna,F du Plessis,,0,0,0,0,0,,,,Royal Challengers Bangalore,Rajasthan Royals
1312199,Royal Challengers BangaloreRajasthan Royals,1,3,3,RM Patidar,M Prasidh Krishna,F du Plessis,byes,0,4,4,0,0,,,,Royal Challengers Bangalore,Rajasthan Royals
1312199,Royal Challengers BangaloreRajasthan Royals,1,3,4,RM Patidar,M Prasidh Krishna,F du Plessis,,0,0,0,0,0,,,,Royal Challengers Bangalore,Rajasthan Royals
1312199,Royal Challengers BangaloreRajasthan Royals,1,3,5,RM Patidar,M Prasidh Krishna,F du Plessis,,0,0,0,0,0,,,,Royal Challengers Bangalore,Rajasthan Royals
1312199,Royal Challengers BangaloreRajasthan Royals,1,3,6,RM Patidar,M Prasidh Krishna,F du Plessis,,0,0,0,0,0,,,,Royal Challengers Bangalore,Rajasthan Royals
1312199,Royal Challengers BangaloreRajasthan Royals,1,4,1,F du Plessis,TA Boult,RM Patidar,,1,0,1,0,0,,,,Royal Challengers Bangalore,Rajasthan Royals
1312199,Royal Challengers BangaloreRajasthan Royals,1,4,2,RM Patidar,TA Boult,F du Plessis,,1,0,1,0,0,,,,Royal Challengers Bangalore,Rajasthan Royals
1312199,Royal Challengers BangaloreRajasthan Royals,1,4,3,F du Plessis,TA Boult,RM Patidar,,2,0,2,0,0,,,,Royal Challengers Bangalore,Rajasthan Royals
1312199,Royal Challengers BangaloreRajasthan Royals,1,4,4,F du Plessis,TA Boult,RM Patidar,,4,0,4,0,0,,,,Royal Challengers Bangalore,Rajasthan Royals
1312199,Royal Challengers BangaloreRajasthan Royals,1,4,5,F du Plessis,TA Boult,RM Patidar,,0,0,0,0,0,,,,Royal Challengers Bangalore,Rajasthan Royals
1312199,Royal Challengers BangaloreRajasthan Royals,1,4,6,F du Plessis,TA Boult,RM Patidar,,4,0,4,0,0,,,,Royal Challengers Bangalore,Rajasthan Royals
1312199,Royal Challengers BangaloreRajasthan Royals,1,5,1,RM Patidar,M Prasidh Krishna,F du Plessis,,0,0,0,0,0,,,,Royal Challengers Bangalore,Rajasthan Royals
1312199,Royal Challengers BangaloreRajasthan Royals,1,5,2,RM Patidar,M Prasidh Krishna,F du Plessis,,0,0,0,0,0,,,,Royal Challengers Bangalore,Rajasthan Royals
1312199,Royal Challengers BangaloreRajasthan Royals,1,5,3,RM Patidar,M Prasidh Krishna,F du Plessis,,4,0,4,0,0,,,,Royal Challengers Bangalore,Rajasthan Royals
1312199,Royal Challengers BangaloreRajasthan Royals,1,5,4,RM Patidar,M Prasidh Krishna,F du Plessis,,4,0,4,0,0,,,,Royal Challengers Bangalore,Rajasthan Royals
1312199,Royal Challengers BangaloreRajasthan Royals,1,5,5,RM Patidar,M Prasidh Krishna,F du Plessis,,1,0,1,0,0,,,,Royal Challengers Bangalore,Rajasthan Royals
1312199,Royal Challengers BangaloreRajasthan Royals,1,5,6,F du Plessis,M Prasidh Krishna,RM Patidar,,0,0,0,0,0,,,,Royal Challengers Bangalore,Rajasthan Royals
1312199,Royal Challengers BangaloreRajasthan Royals,1,6,1,RM Patidar,OC McCoy,F du Plessis,,2,0,2,0,0,,,,Royal Challengers Bangalore,Rajasthan Royals
1312199,Royal Challengers BangaloreRajasthan Royals,1,6,2,RM Patidar,OC McCoy,F du Plessis,,0,0,0,0,0,,,,Royal Challengers Bangalore,Rajasthan Royals
1312199,Royal Challengers BangaloreRajasthan Royals,1,6,3,RM Patidar,OC McCoy,F du Plessis,,1,0,1,0,0,,,,Royal Challengers Bangalore,Rajasthan Royals
1312199,Royal Challengers BangaloreRajasthan Royals,1,6,4,F du Plessis,OC McCoy,RM Patidar,,1,0,1,0,0,,,,Royal Challengers Bangalore,Rajasthan Royals
1312199,Royal Challengers BangaloreRajasthan Royals,1,6,5,RM Patidar,OC McCoy,F du Plessis,,1,0,1,0,0,,,,Royal Challengers Bangalore,Rajasthan Royals
1312199,Royal Challengers BangaloreRajasthan Royals,1,6,6,F du Plessis,OC McCoy,RM Patidar,,1,0,1,0,0,,,,Royal Challengers Bangalore,Rajasthan Royals
1312199,Royal Challengers BangaloreRajasthan Royals,1,7,1,F du Plessis,R Ashwin,RM Patidar,,1,0,1,0,0,,,,Royal Challengers Bangalore,Rajasthan Royals
1312199,Royal Challengers BangaloreRajasthan Royals,1,7,2,RM Patidar,R Ashwin,F du Plessis,,1,0,1,0,0,,,,Royal Challengers Bangalore,Rajasthan Royals
1312199,Royal Challengers BangaloreRajasthan Royals,1,7,3,F du Plessis,R Ashwin,RM Patidar,,1,0,1,0,0,,,,Royal Challengers Bangalore,Rajasthan Royals
1312199,Royal Challengers BangaloreRajasthan Royals,1,7,4,RM Patidar,R Ashwin,F du Plessis,wides,0,1,1,0,0,,,,Royal Challengers Bangalore,Rajasthan Royals
1312199,Royal Challengers BangaloreRajasthan Royals,1,7,5,RM Patidar,R Ashwin,F du Plessis,,1,0,1,0,0,,,,Royal Challengers Bangalore,Rajasthan Royals
1312199,Royal Challengers BangaloreRajasthan Royals,1,7,6,F du Plessis,R Ashwin,RM Patidar,,0,0,0,0,0,,,,Royal Challengers Bangalore,Rajasthan Royals
1312199,Royal Challengers BangaloreRajasthan Royals,1,7,7,F du Plessis,R Ashwin,RM Patidar,,1,0,1,0,0,,,,Royal Challengers Bangalore,Rajasthan Royals
1312199,Royal Challengers BangaloreRajasthan Royals,1,8,1,F du Plessis,YS Chahal,RM Patidar,,0,0,0,0,0,,,,Royal Challengers Bangalore,Rajasthan Royals
1312199,Royal Challengers BangaloreRajasthan Royals,1,8,2,F du Plessis,YS Chahal,RM Patidar,,1,0,1,0,0,,,,Royal Challengers Bangalore,Rajasthan Royals
1312199,Royal Challengers BangaloreRajasthan Royals,1,8,3,RM Patidar,YS Chahal,F du Plessis,,6,0,6,0,0,,,,Royal Challengers Bangalore,Rajasthan Royals
1312199,Royal Challengers BangaloreRajasthan Royals,1,8,4,RM Patidar,YS Chahal,F du Plessis,,1,0,1,0,0,,,,Royal Challengers Bangalore,Rajasthan Royals
1312199,Royal Challengers BangaloreRajasthan Royals,1,8,5,F du Plessis,YS Chahal,RM Patidar,,1,0,1,0,0,,,,Royal Challengers Bangalore,Rajasthan Royals
1312199,Royal Challengers BangaloreRajasthan Royals,1,8,6,RM Patidar,YS Chahal,F du Plessis,wides,0,1,1,0,0,,,,Royal Challengers Bangalore,Rajasthan Royals
1312199,Royal Challengers BangaloreRajasthan Royals,1,8,7,RM Patidar,YS Chahal,F du Plessis,,1,0,1,0,0,,,,Royal Challengers Bangalore,Rajasthan Royals
1312199,Royal Challengers BangaloreRajasthan Royals,1,9,1,RM Patidar,R Ashwin,F du Plessis,,2,0,2,0,0,,,,Royal Challengers Bangalore,Rajasthan Royals
1312199,Royal Challengers BangaloreRajasthan Royals,1,9,2,RM Patidar,R Ashwin,F du Plessis,,0,0,0,0,0,,,,Royal Challengers Bangalore,Rajasthan Royals
1312199,Royal Challengers BangaloreRajasthan Royals,1,9,3,RM Patidar,R Ashwin,F du Plessis,,0,0,0,0,0,,,,Royal Challengers Bangalore,Rajasthan Royals
1312199,Royal Challengers BangaloreRajasthan Royals,1,9,4,RM Patidar,R Ashwin,F du Plessis,,1,0,1,0,0,,,,Royal Challengers Bangalore,Rajasthan Royals
1312199,Royal Challengers BangaloreRajasthan Royals,1,9,5,F du Plessis,R Ashwin,RM Patidar,,1,0,1,0,0,,,,Royal Challengers Bangalore,Rajasthan Royals
1312199,Royal Challengers BangaloreRajasthan Royals,1,9,6,RM Patidar,R Ashwin,F du Plessis,,1,0,1,0,0,,,,Royal Challengers Bangalore,Rajasthan Royals
1312199,Royal Challengers BangaloreRajasthan Royals,1,10,1,RM Patidar,OC McCoy,F du Plessis,,4,0,4,0,0,,,,Royal Challengers Bangalore,Rajasthan Royals
1312199,Royal Challengers BangaloreRajasthan Royals,1,10,2,RM Patidar,OC McCoy,F du Plessis,,1,0,1,0,0,,,,Royal Challengers Bangalore,Rajasthan Royals
1312199,Royal Challengers BangaloreRajasthan Royals,1,10,3,F du Plessis,OC McCoy,RM Patidar,,0,0,0,0,0,,,,Royal Challengers Bangalore,Rajasthan Royals
1312199,Royal Challengers BangaloreRajasthan Royals,1,10,4,F du Plessis,OC McCoy,RM Patidar,,0,0,0,0,1,F du Plessis,caught,R Ashwin,Royal Challengers Bangalore,Rajasthan Royals
1312199,Royal Challengers BangaloreRajasthan Royals,1,10,5,GJ Maxwell,OC McCoy,RM Patidar,,1,0,1,0,0,,,,Royal Challengers Bangalore,Rajasthan Royals
1312199,Royal Challengers BangaloreRajasthan Royals,1,10,6,RM Patidar,OC McCoy,GJ Maxwell,,1,0,1,0,0,,,,Royal Challengers Bangalore,Rajasthan Royals
1312199,Royal Challengers BangaloreRajasthan Royals,1,11,1,RM Patidar,R Ashwin,GJ Maxwell,,1,0,1,0,0,,,,Royal Challengers Bangalore,Rajasthan Royals
1312199,Royal Challengers BangaloreRajasthan Royals,1,11,2,GJ Maxwell,R Ashwin,RM Patidar,,6,0,6,0,0,,,,Royal Challengers Bangalore,Rajasthan Royals
1312199,Royal Challengers BangaloreRajasthan Royals,1,11,3,GJ Maxwell,R Ashwin,RM Patidar,,1,0,1,0,0,,,,Royal Challengers Bangalore,Rajasthan Royals
1312199,Royal Challengers BangaloreRajasthan Royals,1,11,4,RM Patidar,R Ashwin,GJ Maxwell,,1,0,1,0,0,,,,Royal Challengers Bangalore,Rajasthan Royals
1312199,Royal Challengers BangaloreRajasthan Royals,1,11,5,GJ Maxwell,R Ashwin,RM Patidar,,1,0,1,0,0,,,,Royal Challengers Bangalore,Rajasthan Royals
1312199,Royal Challengers BangaloreRajasthan Royals,1,11,6,RM Patidar,R Ashwin,GJ Maxwell,,1,0,1,0,0,,,,Royal Challengers Bangalore,Rajasthan Royals
1312199,Royal Challengers BangaloreRajasthan Royals,1,12,1,RM Patidar,YS Chahal,GJ Maxwell,,1,0,1,0,0,,,,Royal Challengers Bangalore,Rajasthan Royals
1312199,Royal Challengers BangaloreRajasthan Royals,1,12,2,GJ Maxwell,YS Chahal,RM Patidar,,6,0,6,0,0,,,,Royal Challengers Bangalore,Rajasthan Royals
1312199,Royal Challengers BangaloreRajasthan Royals,1,12,3,GJ Maxwell,YS Chahal,RM Patidar,,1,0,1,0,0,,,,Royal Challengers Bangalore,Rajasthan Royals
1312199,Royal Challengers BangaloreRajasthan Royals,1,12,4,RM Patidar,YS Chahal,GJ Maxwell,wides,0,1,1,0,0,,,,Royal Challengers Bangalore,Rajasthan Royals
1312199,Royal Challengers BangaloreRajasthan Royals,1,12,5,RM Patidar,YS Chahal,GJ Maxwell,,1,0,1,0,0,,,,Royal Challengers Bangalore,Rajasthan Royals
1312199,Royal Challengers BangaloreRajasthan Royals,1,12,6,GJ Maxwell,YS Chahal,RM Patidar,,4,0,4,0,0,,,,Royal Challengers Bangalore,Rajasthan Royals
1312199,Royal Challengers BangaloreRajasthan Royals,1,12,7,GJ Maxwell,YS Chahal,RM Patidar,,1,0,1,0,0,,,,Royal Challengers Bangalore,Rajasthan Royals
1312199,Royal Challengers BangaloreRajasthan Royals,1,13,1,GJ Maxwell,TA Boult,RM Patidar,,3,0,3,0,0,,,,Royal Challengers Bangalore,Rajasthan Royals
1312199,Royal Challengers BangaloreRajasthan Royals,1,13,2,RM Patidar,TA Boult,GJ Maxwell,,1,0,1,0,0,,,,Royal Challengers Bangalore,Rajasthan Royals
1312199,Royal Challengers BangaloreRajasthan Royals,1,13,3,GJ Maxwell,TA Boult,RM Patidar,,0,0,0,0,0,,,,Royal Challengers Bangalore,Rajasthan Royals
1312199,Royal Challengers BangaloreRajasthan Royals,1,13,4,GJ Maxwell,TA Boult,RM Patidar,,0,0,0,0,0,,,,Royal Challengers Bangalore,Rajasthan Royals
1312199,Royal Challengers BangaloreRajasthan Royals,1,13,5,GJ Maxwell,TA Boult,RM Patidar,,0,0,0,0,0,,,,Royal Challengers Bangalore,Rajasthan Royals
1312199,Royal Challengers BangaloreRajasthan Royals,1,13,6,GJ Maxwell,TA Boult,RM Patidar,,0,0,0,0,1,GJ Maxwell,caught,OC McCoy,Royal Challengers Bangalore,Rajasthan Royals
1312199,Royal Challengers BangaloreRajasthan Royals,1,14,1,RM Patidar,YS Chahal,MK Lomror,,0,0,0,0,0,,,,Royal Challengers Bangalore,Rajasthan Royals
1312199,Royal Challengers BangaloreRajasthan Royals,1,14,2,RM Patidar,YS Chahal,MK Lomror,,1,0,1,0,0,,,,Royal Challengers Bangalore,Rajasthan Royals
1312199,Royal Challengers BangaloreRajasthan Royals,1,14,3,MK Lomror,YS Chahal,RM Patidar,,1,0,1,0,0,,,,Royal Challengers Bangalore,Rajasthan Royals
1312199,Royal Challengers BangaloreRajasthan Royals,1,14,4,RM Patidar,YS Chahal,MK Lomror,wides,0,1,1,0,0,,,,Royal Challengers Bangalore,Rajasthan Royals
1312199,Royal Challengers BangaloreRajasthan Royals,1,14,5,RM Patidar,YS Chahal,MK Lomror,wides,0,1,1,0,0,,,,Royal Challengers Bangalore,Rajasthan Royals
1312199,Royal Challengers BangaloreRajasthan Royals,1,14,6,RM Patidar,YS Chahal,MK Lomror,,1,0,1,0,0,,,,Royal Challengers Bangalore,Rajasthan Royals
1312199,Royal Challengers BangaloreRajasthan Royals,1,14,7,MK Lomror,YS Chahal,RM Patidar,,1,0,1,0,0,,,,Royal Challengers Bangalore,Rajasthan Royals
1312199,Royal Challengers BangaloreRajasthan Royals,1,14,8,RM Patidar,YS Chahal,MK Lomror,,6,0,6,0,0,,,,Royal Challengers Bangalore,Rajasthan Royals
1312199,Royal Challengers BangaloreRajasthan Royals,1,15,1,MK Lomror,R Ashwin,RM Patidar,,1,0,1,0,0,,,,Royal Challengers Bangalore,Rajasthan Royals
1312199,Royal Challengers BangaloreRajasthan Royals,1,15,2,RM Patidar,R Ashwin,MK Lomror,,6,0,6,0,0,,,,Royal Challengers Bangalore,Rajasthan Royals
1312199,Royal Challengers BangaloreRajasthan Royals,1,15,3,RM Patidar,R Ashwin,MK Lomror,,0,0,0,0,1,RM Patidar,caught,JC Buttler,Royal Challengers Bangalore,Rajasthan Royals
1312199,Royal Challengers BangaloreRajasthan Royals,1,15,4,KD Karthik,R Ashwin,MK Lomror,,0,0,0,0,0,,,,Royal Challengers Bangalore,Rajasthan Royals
1312199,Royal Challengers BangaloreRajasthan Royals,1,15,5,KD Karthik,R Ashwin,MK Lomror,,1,0,1,0,0,,,,Royal Challengers Bangalore,Rajasthan Royals
1312199,Royal Challengers BangaloreRajasthan Royals,1,15,6,MK Lomror,R Ashwin,KD Karthik,,1,0,1,0,0,,,,Royal Challengers Bangalore,Rajasthan Royals
1312199,Royal Challengers BangaloreRajasthan Royals,1,16,1,MK Lomror,YS Chahal,KD Karthik,,1,0,1,0,0,,,,Royal Challengers Bangalore,Rajasthan Royals
1312199,Royal Challengers BangaloreRajasthan Royals,1,16,2,KD Karthik,YS Chahal,MK Lomror,,1,0,1,0,0,,,,Royal Challengers Bangalore,Rajasthan Royals
1312199,Royal Challengers BangaloreRajasthan Royals,1,16,3,MK Lomror,YS Chahal,KD Karthik,,1,0,1,0,0,,,,Royal Challengers Bangalore,Rajasthan Royals
1312199,Royal Challengers BangaloreRajasthan Royals,1,16,4,KD Karthik,YS Chahal,MK Lomror,,1,0,1,0,0,,,,Royal Challengers Bangalore,Rajasthan Royals
1312199,Royal Challengers BangaloreRajasthan Royals,1,16,5,MK Lomror,YS Chahal,KD Karthik,,1,0,1,0,0,,,,Royal Challengers Bangalore,Rajasthan Royals
1312199,Royal Challengers BangaloreRajasthan Royals,1,16,6,KD Karthik,YS Chahal,MK Lomror,,2,0,2,0,0,,,,Royal Challengers Bangalore,Rajasthan Royals
1312199,Royal Challengers BangaloreRajasthan Royals,1,17,1,MK Lomror,OC McCoy,KD Karthik,,1,0,1,0,0,,,,Royal Challengers Bangalore,Rajasthan Royals
1312199,Royal Challengers BangaloreRajasthan Royals,1,17,2,KD Karthik,OC McCoy,MK Lomror,,1,0,1,0,0,,,,Royal Challengers Bangalore,Rajasthan Royals
1312199,Royal Challengers BangaloreRajasthan Royals,1,17,3,MK Lomror,OC McCoy,KD Karthik,,0,0,0,0,0,,,,Royal Challengers Bangalore,Rajasthan Royals
1312199,Royal Challengers BangaloreRajasthan Royals,1,17,4,MK Lomror,OC McCoy,KD Karthik,,0,0,0,0,1,MK Lomror,caught,R Ashwin,Royal Challengers Bangalore,Rajasthan Royals
1312199,Royal Challengers BangaloreRajasthan Royals,1,17,5,Shahbaz Ahmed,OC McCoy,KD Karthik,wides,0,1,1,0,0,,,,Royal Challengers Bangalore,Rajasthan Royals
1312199,Royal Challengers BangaloreRajasthan Royals,1,17,6,Shahbaz Ahmed,OC McCoy,KD Karthik,,4,0,4,0,0,,,,Royal Challengers Bangalore,Rajasthan Royals
1312199,Royal Challengers BangaloreRajasthan Royals,1,17,7,Shahbaz Ahmed,OC McCoy,KD Karthik,,0,0,0,0,0,,,,Royal Challengers Bangalore,Rajasthan Royals
1312199,Royal Challengers BangaloreRajasthan Royals,1,18,1,KD Karthik,M Prasidh Krishna,Shahbaz Ahmed,,0,0,0,0,1,KD Karthik,caught,R Parag,Royal Challengers Bangalore,Rajasthan Royals
1312199,Royal Challengers BangaloreRajasthan Royals,1,18,2,PWH de Silva,M Prasidh Krishna,Shahbaz Ahmed,,0,0,0,0,1,PWH de Silva,bowled,,Royal Challengers Bangalore,Rajasthan Royals
1312199,Royal Challengers BangaloreRajasthan Royals,1,18,3,HV Patel,M Prasidh Krishna,Shahbaz Ahmed,,1,0,1,0,0,,,,Royal Challengers Bangalore,Rajasthan Royals
1312199,Royal Challengers BangaloreRajasthan Royals,1,18,4,Shahbaz Ahmed,M Prasidh Krishna,HV Patel,wides,0,1,1,0,0,,,,Royal Challengers Bangalore,Rajasthan Royals
1312199,Royal Challengers BangaloreRajasthan Royals,1,18,5,Shahbaz Ahmed,M Prasidh Krishna,HV Patel,,0,0,0,0,0,,,,Royal Challengers Bangalore,Rajasthan Royals
1312199,Royal Challengers BangaloreRajasthan Royals,1,18,6,Shahbaz Ahmed,M Prasidh Krishna,HV Patel,,6,0,6,0,0,,,,Royal Challengers Bangalore,Rajasthan Royals
1312199,Royal Challengers BangaloreRajasthan Royals,1,18,7,Shahbaz Ahmed,M Prasidh Krishna,HV Patel,,0,0,0,0,0,,,,Royal Challengers Bangalore,Rajasthan Royals
1312199,Royal Challengers BangaloreRajasthan Royals,1,19,1,HV Patel,OC McCoy,Shahbaz Ahmed,,0,0,0,0,1,HV Patel,bowled,,Royal Challengers Bangalore,Rajasthan Royals
1312199,Royal Challengers BangaloreRajasthan Royals,1,19,2,JR Hazlewood,OC McCoy,Shahbaz Ahmed,,0,0,0,0,0,,,,Royal Challengers Bangalore,Rajasthan Royals
1312199,Royal Challengers BangaloreRajasthan Royals,1,19,3,JR Hazlewood,OC McCoy,Shahbaz Ahmed,,1,0,1,0,0,,,,Royal Challengers Bangalore,Rajasthan Royals
1312199,Royal Challengers BangaloreRajasthan Royals,1,19,4,Shahbaz Ahmed,OC McCoy,JR Hazlewood,,0,0,0,0,0,,,,Royal Challengers Bangalore,Rajasthan Royals
1312199,Royal Challengers BangaloreRajasthan Royals,1,19,5,Shahbaz Ahmed,OC McCoy,JR Hazlewood,,0,0,0,0,0,,,,Royal Challengers Bangalore,Rajasthan Royals
1312199,Royal Challengers BangaloreRajasthan Royals,1,19,6,Shahbaz Ahmed,OC McCoy,JR Hazlewood,,2,0,2,0,0,,,,Royal Challengers Bangalore,Rajasthan Royals
1312199,Royal Challengers BangaloreRajasthan Royals,2,0,1,YBK Jaiswal,Mohammed Siraj,JC Buttler,,0,0,0,0,0,,,,Rajasthan Royals,Royal Challengers Bangalore
1312199,Royal Challengers BangaloreRajasthan Royals,2,0,2,YBK Jaiswal,Mohammed Siraj,JC Buttler,,0,0,0,0,0,,,,Rajasthan Royals,Royal Challengers Bangalore
1312199,Royal Challengers BangaloreRajasthan Royals,2,0,3,YBK Jaiswal,Mohammed Siraj,JC Buttler,,6,0,6,0,0,,,,Rajasthan Royals,Royal Challengers Bangalore
1312199,Royal Challengers BangaloreRajasthan Royals,2,0,4,YBK Jaiswal,Mohammed Siraj,JC Buttler,,4,0,4,0,0,,,,Rajasthan Royals,Royal Challengers Bangalore
1312199,Royal Challengers BangaloreRajasthan Royals,2,0,5,YBK Jaiswal,Mohammed Siraj,JC Buttler,,0,0,0,0,0,,,,Rajasthan Royals,Royal Challengers Bangalore
1312199,Royal Challengers BangaloreRajasthan Royals,2,0,6,YBK Jaiswal,Mohammed Siraj,JC Buttler,,6,0,6,0,0,,,,Rajasthan Royals,Royal Challengers Bangalore
1312199,Royal Challengers BangaloreRajasthan Royals,2,1,1,JC Buttler,JR Hazlewood,YBK Jaiswal,,0,0,0,0,0,,,,Rajasthan Royals,Royal Challengers Bangalore
1312199,Royal Challengers BangaloreRajasthan Royals,2,1,2,JC Buttler,JR Hazlewood,YBK Jaiswal,,4,0,4,0,0,,,,Rajasthan Royals,Royal Challengers Bangalore
1312199,Royal Challengers BangaloreRajasthan Royals,2,1,3,JC Buttler,JR Hazlewood,YBK Jaiswal,,0,0,0,0,0,,,,Rajasthan Royals,Royal Challengers Bangalore
1312199,Royal Challengers BangaloreRajasthan Royals,2,1,4,JC Buttler,JR Hazlewood,YBK Jaiswal,,0,0,0,0,0,,,,Rajasthan Royals,Royal Challengers Bangalore
1312199,Royal Challengers BangaloreRajasthan Royals,2,1,5,JC Buttler,JR Hazlewood,YBK Jaiswal,,2,0,2,0,0,,,,Rajasthan Royals,Royal Challengers Bangalore
1312199,Royal Challengers BangaloreRajasthan Royals,2,1,6,JC Buttler,JR Hazlewood,YBK Jaiswal,,0,0,0,0,0,,,,Rajasthan Royals,Royal Challengers Bangalore
1312199,Royal Challengers BangaloreRajasthan Royals,2,2,1,YBK Jaiswal,Mohammed Siraj,JC Buttler,,0,0,0,0,0,,,,Rajasthan Royals,Royal Challengers Bangalore
1312199,Royal Challengers BangaloreRajasthan Royals,2,2,2,YBK Jaiswal,Mohammed Siraj,JC Buttler,,1,0,1,0,0,,,,Rajasthan Royals,Royal Challengers Bangalore
1312199,Royal Challengers BangaloreRajasthan Royals,2,2,3,JC Buttler,Mohammed Siraj,YBK Jaiswal,,0,0,0,0,0,,,,Rajasthan Royals,Royal Challengers Bangalore
1312199,Royal Challengers BangaloreRajasthan Royals,2,2,4,JC Buttler,Mohammed Siraj,YBK Jaiswal,,4,0,4,0,0,,,,Rajasthan Royals,Royal Challengers Bangalore
1312199,Royal Challengers BangaloreRajasthan Royals,2,2,5,JC Buttler,Mohammed Siraj,YBK Jaiswal,,4,0,4,0,0,,,,Rajasthan Royals,Royal Challengers Bangalore
1312199,Royal Challengers BangaloreRajasthan Royals,2,2,6,JC Buttler,Mohammed Siraj,YBK Jaiswal,,6,0,6,0,0,,,,Rajasthan Royals,Royal Challengers Bangalore
1312199,Royal Challengers BangaloreRajasthan Royals,2,3,1,YBK Jaiswal,GJ Maxwell,JC Buttler,,0,0,0,0,0,,,,Rajasthan Royals,Royal Challengers Bangalore
1312199,Royal Challengers BangaloreRajasthan Royals,2,3,2,YBK Jaiswal,GJ Maxwell,JC Buttler,,1,0,1,0,0,,,,Rajasthan Royals,Royal Challengers Bangalore
1312199,Royal Challengers BangaloreRajasthan Royals,2,3,3,JC Buttler,GJ Maxwell,YBK Jaiswal,,2,0,2,0,0,,,,Rajasthan Royals,Royal Challengers Bangalore
1312199,Royal Challengers BangaloreRajasthan Royals,2,3,4,JC Buttler,GJ Maxwell,YBK Jaiswal,,2,0,2,0,0,,,,Rajasthan Royals,Royal Challengers Bangalore
1312199,Royal Challengers BangaloreRajasthan Royals,2,3,5,JC Buttler,GJ Maxwell,YBK Jaiswal,,0,0,0,0,0,,,,Rajasthan Royals,Royal Challengers Bangalore
1312199,Royal Challengers BangaloreRajasthan Royals,2,3,6,JC Buttler,GJ Maxwell,YBK Jaiswal,,0,0,0,0,0,,,,Rajasthan Royals,Royal Challengers Bangalore
1312199,Royal Challengers BangaloreRajasthan Royals,2,4,1,YBK Jaiswal,Shahbaz Ahmed,JC Buttler,,2,0,2,0,0,,,,Rajasthan Royals,Royal Challengers Bangalore
1312199,Royal Challengers BangaloreRajasthan Royals,2,4,2,YBK Jaiswal,Shahbaz Ahmed,JC Buttler,,1,0,1,0,0,,,,Rajasthan Royals,Royal Challengers Bangalore
1312199,Royal Challengers BangaloreRajasthan Royals,2,4,3,JC Buttler,Shahbaz Ahmed,YBK Jaiswal,,6,0,6,0,0,,,,Rajasthan Royals,Royal Challengers Bangalore
1312199,Royal Challengers BangaloreRajasthan Royals,2,4,4,JC Buttler,Shahbaz Ahmed,YBK Jaiswal,,0,0,0,0,0,,,,Rajasthan Royals,Royal Challengers Bangalore
1312199,Royal Challengers BangaloreRajasthan Royals,2,4,5,JC Buttler,Shahbaz Ahmed,YBK Jaiswal,,6,0,6,0,0,,,,Rajasthan Royals,Royal Challengers Bangalore
1312199,Royal Challengers BangaloreRajasthan Royals,2,4,6,JC Buttler,Shahbaz Ahmed,YBK Jaiswal,,4,0,4,0,0,,,,Rajasthan Royals,Royal Challengers Bangalore
1312199,Royal Challengers BangaloreRajasthan Royals,2,5,1,YBK Jaiswal,JR Hazlewood,JC Buttler,,0,0,0,0,1,YBK Jaiswal,caught,V Kohli,Rajasthan Royals,Royal Challengers Bangalore
1312199,Royal Challengers BangaloreRajasthan Royals,2,5,2,SV Samson,JR Hazlewood,JC Buttler,,0,0,0,0,0,,,,Rajasthan Royals,Royal Challengers Bangalore
1312199,Royal Challengers BangaloreRajasthan Royals,2,5,3,SV Samson,JR Hazlewood,JC Buttler,,1,0,1,0,0,,,,Rajasthan Royals,Royal Challengers Bangalore
1312199,Royal Challengers BangaloreRajasthan Royals,2,5,4,JC Buttler,JR Hazlewood,SV Samson,,4,0,4,0,0,,,,Rajasthan Royals,Royal Challengers Bangalore
1312199,Royal Challengers BangaloreRajasthan Royals,2,5,5,JC Buttler,JR Hazlewood,SV Samson,,1,0,1,0,0,,,,Rajasthan Royals,Royal Challengers Bangalore
1312199,Royal Challengers BangaloreRajasthan Royals,2,5,6,SV Samson,JR Hazlewood,JC Buttler,,0,0,0,0,0,,,,Rajasthan Royals,Royal Challengers Bangalore
1312199,Royal Challengers BangaloreRajasthan Royals,2,6,1,JC Buttler,HV Patel,SV Samson,,0,0,0,0,0,,,,Rajasthan Royals,Royal Challengers Bangalore
1312199,Royal Challengers BangaloreRajasthan Royals,2,6,2,JC Buttler,HV Patel,SV Samson,,1,0,1,0,0,,,,Rajasthan Royals,Royal Challengers Bangalore
1312199,Royal Challengers BangaloreRajasthan Royals,2,6,3,SV Samson,HV Patel,JC Buttler,,1,0,1,0,0,,,,Rajasthan Royals,Royal Challengers Bangalore
1312199,Royal Challengers BangaloreRajasthan Royals,2,6,4,JC Buttler,HV Patel,SV Samson,,4,0,4,0,0,,,,Rajasthan Royals,Royal Challengers Bangalore
1312199,Royal Challengers BangaloreRajasthan Royals,2,6,5,JC Buttler,HV Patel,SV Samson,,0,0,0,0,0,,,,Rajasthan Royals,Royal Challengers Bangalore
1312199,Royal Challengers BangaloreRajasthan Royals,2,6,6,JC Buttler,HV Patel,SV Samson,,4,0,4,0,0,,,,Rajasthan Royals,Royal Challengers Bangalore
1312199,Royal Challengers BangaloreRajasthan Royals,2,7,1,SV Samson,PWH de Silva,JC Buttler,,0,0,0,0,0,,,,Rajasthan Royals,Royal Challengers Bangalore
1312199,Royal Challengers BangaloreRajasthan Royals,2,7,2,SV Samson,PWH de Silva,JC Buttler,,1,0,1,0,0,,,,Rajasthan Royals,Royal Challengers Bangalore
1312199,Royal Challengers BangaloreRajasthan Royals,2,7,3,JC Buttler,PWH de Silva,SV Samson,,1,0,1,0,0,,,,Rajasthan Royals,Royal Challengers Bangalore
1312199,Royal Challengers BangaloreRajasthan Royals,2,7,4,SV Samson,PWH de Silva,JC Buttler,,1,0,1,0,0,,,,Rajasthan Royals,Royal Challengers Bangalore
1312199,Royal Challengers BangaloreRajasthan Royals,2,7,5,JC Buttler,PWH de Silva,SV Samson,,0,0,0,0,0,,,,Rajasthan Royals,Royal Challengers Bangalore
1312199,Royal Challengers BangaloreRajasthan Royals,2,7,6,JC Buttler,PWH de Silva,SV Samson,,1,0,1,0,0,,,,Rajasthan Royals,Royal Challengers Bangalore
1312199,Royal Challengers BangaloreRajasthan Royals,2,8,1,JC Buttler,Shahbaz Ahmed,SV Samson,,1,0,1,0,0,,,,Rajasthan Royals,Royal Challengers Bangalore
1312199,Royal Challengers BangaloreRajasthan Royals,2,8,2,SV Samson,Shahbaz Ahmed,JC Buttler,,6,0,6,0,0,,,,Rajasthan Royals,Royal Challengers Bangalore
1312199,Royal Challengers BangaloreRajasthan Royals,2,8,3,SV Samson,Shahbaz Ahmed,JC Buttler,,1,0,1,0,0,,,,Rajasthan Royals,Royal Challengers Bangalore
1312199,Royal Challengers BangaloreRajasthan Royals,2,8,4,JC Buttler,Shahbaz Ahmed,SV Samson,,4,0,4,0,0,,,,Rajasthan Royals,Royal Challengers Bangalore
1312199,Royal Challengers BangaloreRajasthan Royals,2,8,5,JC Buttler,Shahbaz Ahmed,SV Samson,,4,0,4,0,0,,,,Rajasthan Royals,Royal Challengers Bangalore
1312199,Royal Challengers BangaloreRajasthan Royals,2,8,6,JC Buttler,Shahbaz Ahmed,SV Samson,,0,0,0,0,0,,,,Rajasthan Royals,Royal Challengers Bangalore
1312199,Royal Challengers BangaloreRajasthan Royals,2,9,1,SV Samson,PWH de Silva,JC Buttler,,4,0,4,0,0,,,,Rajasthan Royals,Royal Challengers Bangalore
1312199,Royal Challengers BangaloreRajasthan Royals,2,9,2,SV Samson,PWH de Silva,JC Buttler,,0,0,0,0,0,,,,Rajasthan Royals,Royal Challengers Bangalore
1312199,Royal Challengers BangaloreRajasthan Royals,2,9,3,SV Samson,PWH de Silva,JC Buttler,,0,0,0,0,0,,,,Rajasthan Royals,Royal Challengers Bangalore
1312199,Royal Challengers BangaloreRajasthan Royals,2,9,4,SV Samson,PWH de Silva,JC Buttler,,1,0,1,0,0,,,,Rajasthan Royals,Royal Challengers Bangalore
1312199,Royal Challengers BangaloreRajasthan Royals,2,9,5,JC Buttler,PWH de Silva,SV Samson,,1,0,1,0,0,,,,Rajasthan Royals,Royal Challengers Bangalore
1312199,Royal Challengers BangaloreRajasthan Royals,2,9,6,SV Samson,PWH de Silva,JC Buttler,,0,0,0,0,0,,,,Rajasthan Royals,Royal Challengers Bangalore
1312199,Royal Challengers BangaloreRajasthan Royals,2,10,1,JC Buttler,HV Patel,SV Samson,,1,0,1,0,0,,,,Rajasthan Royals,Royal Challengers Bangalore
1312199,Royal Challengers BangaloreRajasthan Royals,2,10,2,SV Samson,HV Patel,JC Buttler,,0,0,0,0,0,,,,Rajasthan Royals,Royal Challengers Bangalore
1312199,Royal Challengers BangaloreRajasthan Royals,2,10,3,SV Samson,HV Patel,JC Buttler,,0,0,0,0,0,,,,Rajasthan Royals,Royal Challengers Bangalore
1312199,Royal Challengers BangaloreRajasthan Royals,2,10,4,SV Samson,HV Patel,JC Buttler,,6,0,6,0,0,,,,Rajasthan Royals,Royal Challengers Bangalore
1312199,Royal Challengers BangaloreRajasthan Royals,2,10,5,SV Samson,HV Patel,JC Buttler,,1,0,1,0,0,,,,Rajasthan Royals,Royal Challengers Bangalore
1312199,Royal Challengers BangaloreRajasthan Royals,2,10,6,JC Buttler,HV Patel,SV Samson,,1,0,1,0,0,,,,Rajasthan Royals,Royal Challengers Bangalore
1312199,Royal Challengers BangaloreRajasthan Royals,2,11,1,JC Buttler,PWH de Silva,SV Samson,,1,0,1,0,0,,,,Rajasthan Royals,Royal Challengers Bangalore
1312199,Royal Challengers BangaloreRajasthan Royals,2,11,2,SV Samson,PWH de Silva,JC Buttler,,0,0,0,0,0,,,,Rajasthan Royals,Royal Challengers Bangalore
1312199,Royal Challengers BangaloreRajasthan Royals,2,11,3,SV Samson,PWH de Silva,JC Buttler,,0,0,0,0,0,,,,Rajasthan Royals,Royal Challengers Bangalore
1312199,Royal Challengers BangaloreRajasthan Royals,2,11,4,SV Samson,PWH de Silva,JC Buttler,,0,0,0,0,1,SV Samson,stumped,KD Karthik,Rajasthan Royals,Royal Challengers Bangalore
1312199,Royal Challengers BangaloreRajasthan Royals,2,11,5,D Padikkal,PWH de Silva,JC Buttler,,1,0,1,0,0,,,,Rajasthan Royals,Royal Challengers Bangalore
1312199,Royal Challengers BangaloreRajasthan Royals,2,11,6,JC Buttler,PWH de Silva,D Padikkal,,0,0,0,0,0,,,,Rajasthan Royals,Royal Challengers Bangalore
1312199,Royal Challengers BangaloreRajasthan Royals,2,12,1,D Padikkal,JR Hazlewood,JC Buttler,,0,0,0,0,0,,,,Rajasthan Royals,Royal Challengers Bangalore
1312199,Royal Challengers BangaloreRajasthan Royals,2,12,2,D Padikkal,JR Hazlewood,JC Buttler,,1,0,1,0,0,,,,Rajasthan Royals,Royal Challengers Bangalore
1312199,Royal Challengers BangaloreRajasthan Royals,2,12,3,JC Buttler,JR Hazlewood,D Padikkal,,0,0,0,0,0,,,,Rajasthan Royals,Royal Challengers Bangalore
1312199,Royal Challengers BangaloreRajasthan Royals,2,12,4,JC Buttler,JR Hazlewood,D Padikkal,,1,0,1,0,0,,,,Rajasthan Royals,Royal Challengers Bangalore
1312199,Royal Challengers BangaloreRajasthan Royals,2,12,5,D Padikkal,JR Hazlewood,JC Buttler,,1,0,1,0,0,,,,Rajasthan Royals,Royal Challengers Bangalore
1312199,Royal Challengers BangaloreRajasthan Royals,2,12,6,JC Buttler,JR Hazlewood,D Padikkal,,0,0,0,0,0,,,,Rajasthan Royals,Royal Challengers Bangalore
1312199,Royal Challengers BangaloreRajasthan Royals,2,13,1,D Padikkal,GJ Maxwell,JC Buttler,,0,0,0,0,0,,,,Rajasthan Royals,Royal Challengers Bangalore
1312199,Royal Challengers BangaloreRajasthan Royals,2,13,2,D Padikkal,GJ Maxwell,JC Buttler,,1,0,1,0,0,,,,Rajasthan Royals,Royal Challengers Bangalore
1312199,Royal Challengers BangaloreRajasthan Royals,2,13,3,JC Buttler,GJ Maxwell,D Padikkal,,1,0,1,0,0,,,,Rajasthan Royals,Royal Challengers Bangalore
1312199,Royal Challengers BangaloreRajasthan Royals,2,13,4,D Padikkal,GJ Maxwell,JC Buttler,,1,0,1,0,0,,,,Rajasthan Royals,Royal Challengers Bangalore
1312199,Royal Challengers BangaloreRajasthan Royals,2,13,5,JC Buttler,GJ Maxwell,D Padikkal,,2,0,2,0,0,,,,Rajasthan Royals,Royal Challengers Bangalore
1312199,Royal Challengers BangaloreRajasthan Royals,2,13,6,JC Buttler,GJ Maxwell,D Padikkal,,0,0,0,0,0,,,,Rajasthan Royals,Royal Challengers Bangalore
1312199,Royal Challengers BangaloreRajasthan Royals,2,14,1,D Padikkal,HV Patel,JC Buttler,,1,0,1,0,0,,,,Rajasthan Royals,Royal Challengers Bangalore
1312199,Royal Challengers BangaloreRajasthan Royals,2,14,2,JC Buttler,HV Patel,D Padikkal,,0,0,0,0,0,,,,Rajasthan Royals,Royal Challengers Bangalore
1312199,Royal Challengers BangaloreRajasthan Royals,2,14,3,JC Buttler,HV Patel,D Padikkal,,1,0,1,0,0,,,,Rajasthan Royals,Royal Challengers Bangalore
1312199,Royal Challengers BangaloreRajasthan Royals,2,14,4,D Padikkal,HV Patel,JC Buttler,,1,0,1,0,0,,,,Rajasthan Royals,Royal Challengers Bangalore
1312199,Royal Challengers BangaloreRajasthan Royals,2,14,5,JC Buttler,HV Patel,D Padikkal,,0,0,0,0,0,,,,Rajasthan Royals,Royal Challengers Bangalore
1312199,Royal Challengers BangaloreRajasthan Royals,2,14,6,JC Buttler,HV Patel,D Padikkal,,1,0,1,0,0,,,,Rajasthan Royals,Royal Challengers Bangalore
1312199,Royal Challengers BangaloreRajasthan Royals,2,15,1,JC Buttler,PWH de Silva,D Padikkal,,1,0,1,0,0,,,,Rajasthan Royals,Royal Challengers Bangalore
1312199,Royal Challengers BangaloreRajasthan Royals,2,15,2,D Padikkal,PWH de Silva,JC Buttler,,1,0,1,0,0,,,,Rajasthan Royals,Royal Challengers Bangalore
1312199,Royal Challengers BangaloreRajasthan Royals,2,15,3,JC Buttler,PWH de Silva,D Padikkal,,0,0,0,0,0,,,,Rajasthan Royals,Royal Challengers Bangalore
1312199,Royal Challengers BangaloreRajasthan Royals,2,15,4,JC Buttler,PWH de Silva,D Padikkal,,6,0,6,0,0,,,,Rajasthan Royals,Royal Challengers Bangalore
1312199,Royal Challengers BangaloreRajasthan Royals,2,15,5,JC Buttler,PWH de Silva,D Padikkal,,0,0,0,0,0,,,,Rajasthan Royals,Royal Challengers Bangalore
1312199,Royal Challengers BangaloreRajasthan Royals,2,15,6,JC Buttler,PWH de Silva,D Padikkal,,6,0,6,0,0,,,,Rajasthan Royals,Royal Challengers Bangalore
1312199,Royal Challengers BangaloreRajasthan Royals,2,16,1,D Padikkal,JR Hazlewood,JC Buttler,,1,0,1,0,0,,,,Rajasthan Royals,Royal Challengers Bangalore
1312199,Royal Challengers BangaloreRajasthan Royals,2,16,2,JC Buttler,JR Hazlewood,D Padikkal,,2,0,2,0,0,,,,Rajasthan Royals,Royal Challengers Bangalore
1312199,Royal Challengers BangaloreRajasthan Royals,2,16,3,JC Buttler,JR Hazlewood,D Padikkal,,4,0,4,0,0,,,,Rajasthan Royals,Royal Challengers Bangalore
1312199,Royal Challengers BangaloreRajasthan Royals,2,16,4,JC Buttler,JR Hazlewood,D Padikkal,,1,0,1,0,0,,,,Rajasthan Royals,Royal Challengers Bangalore
1312199,Royal Challengers BangaloreRajasthan Royals,2,16,5,D Padikkal,JR Hazlewood,JC Buttler,,0,0,0,0,1,D Padikkal,caught,KD Karthik,Rajasthan Royals,Royal Challengers Bangalore
1312199,Royal Challengers BangaloreRajasthan Royals,2,16,6,SO Hetmyer,JR Hazlewood,JC Buttler,,0,0,0,0,0,,,,Rajasthan Royals,Royal Challengers Bangalore
1312199,Royal Challengers BangaloreRajasthan Royals,2,17,1,JC Buttler,GJ Maxwell,SO Hetmyer,,1,0,1,0,0,,,,Rajasthan Royals,Royal Challengers Bangalore
1312199,Royal Challengers BangaloreRajasthan Royals,2,17,2,SO Hetmyer,GJ Maxwell,JC Buttler,,1,0,1,0,0,,,,Rajasthan Royals,Royal Challengers Bangalore
1312199,Royal Challengers BangaloreRajasthan Royals,2,17,3,JC Buttler,GJ Maxwell,SO Hetmyer,,1,0,1,0,0,,,,Rajasthan Royals,Royal Challengers Bangalore
1312199,Royal Challengers BangaloreRajasthan Royals,2,17,4,SO Hetmyer,GJ Maxwell,JC Buttler,,1,0,1,0,0,,,,Rajasthan Royals,Royal Challengers Bangalore
1312199,Royal Challengers BangaloreRajasthan Royals,2,17,5,JC Buttler,GJ Maxwell,SO Hetmyer,,2,0,2,0,0,,,,Rajasthan Royals,Royal Challengers Bangalore
1312199,Royal Challengers BangaloreRajasthan Royals,2,17,6,JC Buttler,GJ Maxwell,SO Hetmyer,,1,0,1,0,0,,,,Rajasthan Royals,Royal Challengers Bangalore
1312199,Royal Challengers BangaloreRajasthan Royals,2,18,1,JC Buttler,HV Patel,SO Hetmyer,,6,0,6,0,0,,,,Rajasthan Royals,Royal Challengers Bangalore
1312198,Royal Challengers BangaloreLucknow Super Giants,1,0,1,V Kohli,Mohsin Khan,F du Plessis,,0,0,0,0,0,,,,Royal Challengers Bangalore,Lucknow Super Giants
1312198,Royal Challengers BangaloreLucknow Super Giants,1,0,2,V Kohli,Mohsin Khan,F du Plessis,,0,0,0,0,0,,,,Royal Challengers Bangalore,Lucknow Super Giants
1312198,Royal Challengers BangaloreLucknow Super Giants,1,0,3,V Kohli,Mohsin Khan,F du Plessis,,0,0,0,0,0,,,,Royal Challengers Bangalore,Lucknow Super Giants
1312198,Royal Challengers BangaloreLucknow Super Giants,1,0,4,V Kohli,Mohsin Khan,F du Plessis,wides,0,1,1,0,0,,,,Royal Challengers Bangalore,Lucknow Super Giants
1312198,Royal Challengers BangaloreLucknow Super Giants,1,0,5,V Kohli,Mohsin Khan,F du Plessis,,3,0,3,0,0,,,,Royal Challengers Bangalore,Lucknow Super Giants
1312198,Royal Challengers BangaloreLucknow Super Giants,1,0,6,F du Plessis,Mohsin Khan,V Kohli,,0,0,0,0,1,F du Plessis,caught,Q de Kock,Royal Challengers Bangalore,Lucknow Super Giants
1312198,Royal Challengers BangaloreLucknow Super Giants,1,0,7,RM Patidar,Mohsin Khan,V Kohli,,0,0,0,0,0,,,,Royal Challengers Bangalore,Lucknow Super Giants
1312198,Royal Challengers BangaloreLucknow Super Giants,1,1,1,V Kohli,PVD Chameera,RM Patidar,,4,0,4,0,0,,,,Royal Challengers Bangalore,Lucknow Super Giants
1312198,Royal Challengers BangaloreLucknow Super Giants,1,1,2,V Kohli,PVD Chameera,RM Patidar,,0,0,0,0,0,,,,Royal Challengers Bangalore,Lucknow Super Giants
1312198,Royal Challengers BangaloreLucknow Super Giants,1,1,3,V Kohli,PVD Chameera,RM Patidar,,0,0,0,0,0,,,,Royal Challengers Bangalore,Lucknow Super Giants
1312198,Royal Challengers BangaloreLucknow Super Giants,1,1,4,V Kohli,PVD Chameera,RM Patidar,,1,0,1,0,0,,,,Royal Challengers Bangalore,Lucknow Super Giants
1312198,Royal Challengers BangaloreLucknow Super Giants,1,1,5,RM Patidar,PVD Chameera,V Kohli,,0,0,0,0,0,,,,Royal Challengers Bangalore,Lucknow Super Giants
1312198,Royal Challengers BangaloreLucknow Super Giants,1,1,6,RM Patidar,PVD Chameera,V Kohli,,4,0,4,0,0,,,,Royal Challengers Bangalore,Lucknow Super Giants
1312198,Royal Challengers BangaloreLucknow Super Giants,1,2,1,V Kohli,Mohsin Khan,RM Patidar,,4,0,4,0,0,,,,Royal Challengers Bangalore,Lucknow Super Giants
1312198,Royal Challengers BangaloreLucknow Super Giants,1,2,2,V Kohli,Mohsin Khan,RM Patidar,,0,0,0,0,0,,,,Royal Challengers Bangalore,Lucknow Super Giants
1312198,Royal Challengers BangaloreLucknow Super Giants,1,2,3,V Kohli,Mohsin Khan,RM Patidar,,2,0,2,0,0,,,,Royal Challengers Bangalore,Lucknow Super Giants
1312198,Royal Challengers BangaloreLucknow Super Giants,1,2,4,V Kohli,Mohsin Khan,RM Patidar,,0,0,0,0,0,,,,Royal Challengers Bangalore,Lucknow Super Giants
1312198,Royal Challengers BangaloreLucknow Super Giants,1,2,5,V Kohli,Mohsin Khan,RM Patidar,,1,0,1,0,0,,,,Royal Challengers Bangalore,Lucknow Super Giants
1312198,Royal Challengers BangaloreLucknow Super Giants,1,2,6,RM Patidar,Mohsin Khan,V Kohli,,0,0,0,0,0,,,,Royal Challengers Bangalore,Lucknow Super Giants
1312198,Royal Challengers BangaloreLucknow Super Giants,1,3,1,V Kohli,KH Pandya,RM Patidar,,1,0,1,0,0,,,,Royal Challengers Bangalore,Lucknow Super Giants
1312198,Royal Challengers BangaloreLucknow Super Giants,1,3,2,RM Patidar,KH Pandya,V Kohli,,0,0,0,0,0,,,,Royal Challengers Bangalore,Lucknow Super Giants
1312198,Royal Challengers BangaloreLucknow Super Giants,1,3,3,RM Patidar,KH Pandya,V Kohli,,1,0,1,0,0,,,,Royal Challengers Bangalore,Lucknow Super Giants
1312198,Royal Challengers BangaloreLucknow Super Giants,1,3,4,V Kohli,KH Pandya,RM Patidar,,0,0,0,0,0,,,,Royal Challengers Bangalore,Lucknow Super Giants
1312198,Royal Challengers BangaloreLucknow Super Giants,1,3,5,V Kohli,KH Pandya,RM Patidar,,1,0,1,0,0,,,,Royal Challengers Bangalore,Lucknow Super Giants
1312198,Royal Challengers BangaloreLucknow Super Giants,1,3,6,RM Patidar,KH Pandya,V Kohli,,1,0,1,0,0,,,,Royal Challengers Bangalore,Lucknow Super Giants
1312198,Royal Challengers BangaloreLucknow Super Giants,1,4,1,RM Patidar,Avesh Khan,V Kohli,,0,0,0,0,0,,,,Royal Challengers Bangalore,Lucknow Super Giants
1312198,Royal Challengers BangaloreLucknow Super Giants,1,4,2,RM Patidar,Avesh Khan,V Kohli,,4,0,4,0,0,,,,Royal Challengers Bangalore,Lucknow Super Giants
1312198,Royal Challengers BangaloreLucknow Super Giants,1,4,3,RM Patidar,Avesh Khan,V Kohli,,4,0,4,0,0,,,,Royal Challengers Bangalore,Lucknow Super Giants
1312198,Royal Challengers BangaloreLucknow Super Giants,1,4,4,RM Patidar,Avesh Khan,V Kohli,,0,0,0,0,0,,,,Royal Challengers Bangalore,Lucknow Super Giants
